Sample_ID,Data_Type,Gene/Protein,Expression/Variant,Metadata
4c4f55f26606420d,Genotype,rsEX1,0|1,"{'alt': 'A', 'pos': '10100', 'ref': 'C'}"
b231e58cea83cd7a,Genotype,rsEX1,0|0,"{'alt': 'A', 'pos': '10100', 'ref': 'C'}"
80cdd7ecca0f5edc,Genotype,rsEX1,0|0,"{'alt': 'A', 'pos': '10100', 'ref': 'C'}"
4c4f55f26606420d,Genotype,rsEX2,0|1,"{'alt': 'C', 'pos': '10200', 'ref': 'G'}"
b231e58cea83cd7a,Genotype,rsEX2,0|1,"{'alt': 'C', 'pos': '10200', 'ref': 'G'}"
80cdd7ecca0f5edc,Genotype,rsEX2,1|1,"{'alt': 'C', 'pos': '10200', 'ref': 'G'}"
4c4f55f26606420d,Genotype,rsEX3,0|1,"{'alt': 'G', 'pos': '10300', 'ref': 'A'}"
b231e58cea83cd7a,Genotype,rsEX3,1|1,"{'alt': 'G', 'pos': '10300', 'ref': 'A'}"
80cdd7ecca0f5edc,Genotype,rsEX3,0|0,"{'alt': 'G', 'pos': '10300', 'ref': 'A'}"
4c4f55f26606420d,Genotype,rsEX4,1|1,"{'alt': 'G', 'pos': '10400', 'ref': 'C'}"
b231e58cea83cd7a,Genotype,rsEX4,0|0,"{'alt': 'G', 'pos': '10400', 'ref': 'C'}"
80cdd7ecca0f5edc,Genotype,rsEX4,1|1,"{'alt': 'G', 'pos': '10400', 'ref': 'C'}"
4c4f55f26606420d,Genotype,rsEX5,0|0,"{'alt': 'A', 'pos': '10500', 'ref': 'C'}"
b231e58cea83cd7a,Genotype,rsEX5,0|1,"{'alt': 'A', 'pos': '10500', 'ref': 'C'}"
80cdd7ecca0f5edc,Genotype,rsEX5,0|0,"{'alt': 'A', 'pos': '10500', 'ref': 'C'}"
4c4f55f26606420d,Genotype,rsEX6,1|1,"{'alt': 'C', 'pos': '10600', 'ref': 'G'}"
b231e58cea83cd7a,Genotype,rsEX6,1|1,"{'alt': 'C', 'pos': '10600', 'ref': 'G'}"
80cdd7ecca0f5edc,Genotype,rsEX6,1|1,"{'alt': 'C', 'pos': '10600', 'ref': 'G'}"
4c4f55f26606420d,Genotype,rsEX7,0|0,"{'alt': 'C', 'pos': '10700', 'ref': 'G'}"
b231e58cea83cd7a,Genotype,rsEX7,0|0,"{'alt': 'C', 'pos': '10700', 'ref': 'G'}"
80cdd7ecca0f5edc,Genotype,rsEX7,1|1,"{'alt': 'C', 'pos': '10700', 'ref': 'G'}"
4c4f55f26606420d,Genotype,rsEX8,0|1,"{'alt': 'G', 'pos': '10800', 'ref': 'A'}"
b231e58cea83cd7a,Genotype,rsEX8,1|1,"{'alt': 'G', 'pos': '10800', 'ref': 'A'}"
80cdd7ecca0f5edc,Genotype,rsEX8,0|0,"{'alt': 'G', 'pos': '10800', 'ref': 'A'}"
4c4f55f26606420d,Genotype,rsEX9,1|1,"{'alt': 'T', 'pos': '10900', 'ref': 'C'}"
b231e58cea83cd7a,Genotype,rsEX9,0|1,"{'alt': 'T', 'pos': '10900', 'ref': 'C'}"
80cdd7ecca0f5edc,Genotype,rsEX9,0|0,"{'alt': 'T', 'pos': '10900', 'ref': 'C'}"
4c4f55f26606420d,Genotype,rsEX10,0|0,"{'alt': 'G', 'pos': '11000', 'ref': 'C'}"
b231e58cea83cd7a,Genotype,rsEX10,0|1,"{'alt': 'G', 'pos': '11000', 'ref': 'C'}"
80cdd7ecca0f5edc,Genotype,rsEX10,0|1,"{'alt': 'G', 'pos': '11000', 'ref': 'C'}"
4c4f55f26606420d,Genotype,rsEX11,0|1,"{'alt': 'T', 'pos': '11100', 'ref': 'C'}"
b231e58cea83cd7a,Genotype,rsEX11,0|1,"{'alt': 'T', 'pos': '11100', 'ref': 'C'}"
80cdd7ecca0f5edc,Genotype,rsEX11,0|1,"{'alt': 'T', 'pos': '11100', 'ref': 'C'}"
4c4f55f26606420d,Genotype,rsEX12,0|0,"{'alt': 'C', 'pos': '11200', 'ref': 'G'}"
b231e58cea83cd7a,Genotype,rsEX12,0|1,"{'alt': 'C', 'pos': '11200', 'ref': 'G'}"
80cdd7ecca0f5edc,Genotype,rsEX12,0|0,"{'alt': 'C', 'pos': '11200', 'ref': 'G'}"
4c4f55f26606420d,Genotype,rsEX13,1|1,"{'alt': 'G', 'pos': '11300', 'ref': 'T'}"
b231e58cea83cd7a,Genotype,rsEX13,0|0,"{'alt': 'G', 'pos': '11300', 'ref': 'T'}"
80cdd7ecca0f5edc,Genotype,rsEX13,0|0,"{'alt': 'G', 'pos': '11300', 'ref': 'T'}"
4c4f55f26606420d,Genotype,rsEX14,0|0,"{'alt': 'G', 'pos': '11400', 'ref': 'A'}"
b231e58cea83cd7a,Genotype,rsEX14,1|1,"{'alt': 'G', 'pos': '11400', 'ref': 'A'}"
80cdd7ecca0f5edc,Genotype,rsEX14,1|1,"{'alt': 'G', 'pos': '11400', 'ref': 'A'}"
4c4f55f26606420d,Genotype,rsEX15,1|1,"{'alt': 'C', 'pos': '11500', 'ref': 'A'}"
b231e58cea83cd7a,Genotype,rsEX15,1|1,"{'alt': 'C', 'pos': '11500', 'ref': 'A'}"
80cdd7ecca0f5edc,Genotype,rsEX15,0|0,"{'alt': 'C', 'pos': '11500', 'ref': 'A'}"
4c4f55f26606420d,Genotype,rsEX16,0|1,"{'alt': 'T', 'pos': '11600', 'ref': 'G'}"
b231e58cea83cd7a,Genotype,rsEX16,1|1,"{'alt': 'T', 'pos': '11600', 'ref': 'G'}"
80cdd7ecca0f5edc,Genotype,rsEX16,0|1,"{'alt': 'T', 'pos': '11600', 'ref': 'G'}"
4c4f55f26606420d,Genotype,rsEX17,1|1,"{'alt': 'G', 'pos': '11700', 'ref': 'C'}"
b231e58cea83cd7a,Genotype,rsEX17,0|1,"{'alt': 'G', 'pos': '11700', 'ref': 'C'}"
80cdd7ecca0f5edc,Genotype,rsEX17,1|1,"{'alt': 'G', 'pos': '11700', 'ref': 'C'}"
4c4f55f26606420d,Genotype,rsEX18,0|0,"{'alt': 'C', 'pos': '11800', 'ref': 'T'}"
b231e58cea83cd7a,Genotype,rsEX18,0|1,"{'alt': 'C', 'pos': '11800', 'ref': 'T'}"
80cdd7ecca0f5edc,Genotype,rsEX18,0|0,"{'alt': 'C', 'pos': '11800', 'ref': 'T'}"
4c4f55f26606420d,Genotype,rsEX19,0|0,"{'alt': 'C', 'pos': '11900', 'ref': 'T'}"
b231e58cea83cd7a,Genotype,rsEX19,0|1,"{'alt': 'C', 'pos': '11900', 'ref': 'T'}"
80cdd7ecca0f5edc,Genotype,rsEX19,0|1,"{'alt': 'C', 'pos': '11900', 'ref': 'T'}"
4c4f55f26606420d,Genotype,rsEX20,1|1,"{'alt': 'T', 'pos': '12000', 'ref': 'A'}"
b231e58cea83cd7a,Genotype,rsEX20,1|1,"{'alt': 'T', 'pos': '12000', 'ref': 'A'}"
80cdd7ecca0f5edc,Genotype,rsEX20,0|1,"{'alt': 'T', 'pos': '12000', 'ref': 'A'}"
4c4f55f26606420d,Genotype,rsEX21,1|1,"{'alt': 'C', 'pos': '12100', 'ref': 'T'}"
b231e58cea83cd7a,Genotype,rsEX21,0|1,"{'alt': 'C', 'pos': '12100', 'ref': 'T'}"
80cdd7ecca0f5edc,Genotype,rsEX21,0|0,"{'alt': 'C', 'pos': '12100', 'ref': 'T'}"
4c4f55f26606420d,Genotype,rsEX22,0|1,"{'alt': 'C', 'pos': '12200', 'ref': 'T'}"
b231e58cea83cd7a,Genotype,rsEX22,1|1,"{'alt': 'C', 'pos': '12200', 'ref': 'T'}"
80cdd7ecca0f5edc,Genotype,rsEX22,0|1,"{'alt': 'C', 'pos': '12200', 'ref': 'T'}"
4c4f55f26606420d,Genotype,rsEX23,1|1,"{'alt': 'G', 'pos': '12300', 'ref': 'A'}"
b231e58cea83cd7a,Genotype,rsEX23,0|1,"{'alt': 'G', 'pos': '12300', 'ref': 'A'}"
80cdd7ecca0f5edc,Genotype,rsEX23,0|1,"{'alt': 'G', 'pos': '12300', 'ref': 'A'}"
4c4f55f26606420d,Genotype,rsEX24,0|1,"{'alt': 'C', 'pos': '12400', 'ref': 'G'}"
b231e58cea83cd7a,Genotype,rsEX24,0|0,"{'alt': 'C', 'pos': '12400', 'ref': 'G'}"
80cdd7ecca0f5edc,Genotype,rsEX24,0|1,"{'alt': 'C', 'pos': '12400', 'ref': 'G'}"
4c4f55f26606420d,Genotype,rsEX25,1|1,"{'alt': 'G', 'pos': '12500', 'ref': 'A'}"
b231e58cea83cd7a,Genotype,rsEX25,0|1,"{'alt': 'G', 'pos': '12500', 'ref': 'A'}"
80cdd7ecca0f5edc,Genotype,rsEX25,1|1,"{'alt': 'G', 'pos': '12500', 'ref': 'A'}"
4c4f55f26606420d,Genotype,rsEX26,0|0,"{'alt': 'C', 'pos': '12600', 'ref': 'A'}"
b231e58cea83cd7a,Genotype,rsEX26,0|1,"{'alt': 'C', 'pos': '12600', 'ref': 'A'}"
80cdd7ecca0f5edc,Genotype,rsEX26,1|1,"{'alt': 'C', 'pos': '12600', 'ref': 'A'}"
4c4f55f26606420d,Genotype,rsEX27,0|1,"{'alt': 'T', 'pos': '12700', 'ref': 'C'}"
b231e58cea83cd7a,Genotype,rsEX27,0|0,"{'alt': 'T', 'pos': '12700', 'ref': 'C'}"
80cdd7ecca0f5edc,Genotype,rsEX27,0|1,"{'alt': 'T', 'pos': '12700', 'ref': 'C'}"
4c4f55f26606420d,Genotype,rsEX28,1|1,"{'alt': 'G', 'pos': '12800', 'ref': 'A'}"
b231e58cea83cd7a,Genotype,rsEX28,0|0,"{'alt': 'G', 'pos': '12800', 'ref': 'A'}"
80cdd7ecca0f5edc,Genotype,rsEX28,0|1,"{'alt': 'G', 'pos': '12800', 'ref': 'A'}"
4c4f55f26606420d,Genotype,rsEX29,1|1,"{'alt': 'C', 'pos': '12900', 'ref': 'G'}"
b231e58cea83cd7a,Genotype,rsEX29,0|0,"{'alt': 'C', 'pos': '12900', 'ref': 'G'}"
80cdd7ecca0f5edc,Genotype,rsEX29,1|1,"{'alt': 'C', 'pos': '12900', 'ref': 'G'}"
4c4f55f26606420d,Genotype,rsEX30,0|1,"{'alt': 'G', 'pos': '13000', 'ref': 'C'}"
b231e58cea83cd7a,Genotype,rsEX30,0|0,"{'alt': 'G', 'pos': '13000', 'ref': 'C'}"
80cdd7ecca0f5edc,Genotype,rsEX30,1|1,"{'alt': 'G', 'pos': '13000', 'ref': 'C'}"
4c4f55f26606420d,Genotype,rsEX31,1|1,"{'alt': 'G', 'pos': '13100', 'ref': 'C'}"
b231e58cea83cd7a,Genotype,rsEX31,1|1,"{'alt': 'G', 'pos': '13100', 'ref': 'C'}"
80cdd7ecca0f5edc,Genotype,rsEX31,0|0,"{'alt': 'G', 'pos': '13100', 'ref': 'C'}"
4c4f55f26606420d,Genotype,rsEX32,0|1,"{'alt': 'C', 'pos': '13200', 'ref': 'G'}"
b231e58cea83cd7a,Genotype,rsEX32,0|1,"{'alt': 'C', 'pos': '13200', 'ref': 'G'}"
80cdd7ecca0f5edc,Genotype,rsEX32,1|1,"{'alt': 'C', 'pos': '13200', 'ref': 'G'}"
4c4f55f26606420d,Genotype,rsEX33,0|1,"{'alt': 'T', 'pos': '13300', 'ref': 'C'}"
b231e58cea83cd7a,Genotype,rsEX33,0|0,"{'alt': 'T', 'pos': '13300', 'ref': 'C'}"
80cdd7ecca0f5edc,Genotype,rsEX33,0|1,"{'alt': 'T', 'pos': '13300', 'ref': 'C'}"
4c4f55f26606420d,Genotype,rsEX34,0|0,"{'alt': 'A', 'pos': '13400', 'ref': 'C'}"
b231e58cea83cd7a,Genotype,rsEX34,1|1,"{'alt': 'A', 'pos': '13400', 'ref': 'C'}"
80cdd7ecca0f5edc,Genotype,rsEX34,1|1,"{'alt': 'A', 'pos': '13400', 'ref': 'C'}"
4c4f55f26606420d,Genotype,rsEX35,1|1,"{'alt': 'G', 'pos': '13500', 'ref': 'C'}"
b231e58cea83cd7a,Genotype,rsEX35,0|0,"{'alt': 'G', 'pos': '13500', 'ref': 'C'}"
80cdd7ecca0f5edc,Genotype,rsEX35,0|0,"{'alt': 'G', 'pos': '13500', 'ref': 'C'}"
4c4f55f26606420d,Genotype,rsEX36,0|1,"{'alt': 'T', 'pos': '13600', 'ref': 'G'}"
b231e58cea83cd7a,Genotype,rsEX36,0|1,"{'alt': 'T', 'pos': '13600', 'ref': 'G'}"
80cdd7ecca0f5edc,Genotype,rsEX36,1|1,"{'alt': 'T', 'pos': '13600', 'ref': 'G'}"
4c4f55f26606420d,Genotype,rsEX37,0|1,"{'alt': 'G', 'pos': '13700', 'ref': 'C'}"
b231e58cea83cd7a,Genotype,rsEX37,1|1,"{'alt': 'G', 'pos': '13700', 'ref': 'C'}"
80cdd7ecca0f5edc,Genotype,rsEX37,1|1,"{'alt': 'G', 'pos': '13700', 'ref': 'C'}"
4c4f55f26606420d,Genotype,rsEX38,1|1,"{'alt': 'A', 'pos': '13800', 'ref': 'C'}"
b231e58cea83cd7a,Genotype,rsEX38,0|0,"{'alt': 'A', 'pos': '13800', 'ref': 'C'}"
80cdd7ecca0f5edc,Genotype,rsEX38,1|1,"{'alt': 'A', 'pos': '13800', 'ref': 'C'}"
4c4f55f26606420d,Genotype,rsEX39,0|0,"{'alt': 'A', 'pos': '13900', 'ref': 'T'}"
b231e58cea83cd7a,Genotype,rsEX39,0|1,"{'alt': 'A', 'pos': '13900', 'ref': 'T'}"
80cdd7ecca0f5edc,Genotype,rsEX39,1|1,"{'alt': 'A', 'pos': '13900', 'ref': 'T'}"
4c4f55f26606420d,Genotype,rsEX40,0|1,"{'alt': 'G', 'pos': '14000', 'ref': 'A'}"
b231e58cea83cd7a,Genotype,rsEX40,1|1,"{'alt': 'G', 'pos': '14000', 'ref': 'A'}"
80cdd7ecca0f5edc,Genotype,rsEX40,0|1,"{'alt': 'G', 'pos': '14000', 'ref': 'A'}"
4c4f55f26606420d,Genotype,rsEX41,0|0,"{'alt': 'A', 'pos': '14100', 'ref': 'G'}"
b231e58cea83cd7a,Genotype,rsEX41,0|1,"{'alt': 'A', 'pos': '14100', 'ref': 'G'}"
80cdd7ecca0f5edc,Genotype,rsEX41,0|1,"{'alt': 'A', 'pos': '14100', 'ref': 'G'}"
4c4f55f26606420d,Genotype,rsEX42,0|0,"{'alt': 'A', 'pos': '14200', 'ref': 'C'}"
b231e58cea83cd7a,Genotype,rsEX42,1|1,"{'alt': 'A', 'pos': '14200', 'ref': 'C'}"
80cdd7ecca0f5edc,Genotype,rsEX42,0|1,"{'alt': 'A', 'pos': '14200', 'ref': 'C'}"
4c4f55f26606420d,Genotype,rsEX43,0|1,"{'alt': 'C', 'pos': '14300', 'ref': 'G'}"
b231e58cea83cd7a,Genotype,rsEX43,0|1,"{'alt': 'C', 'pos': '14300', 'ref': 'G'}"
80cdd7ecca0f5edc,Genotype,rsEX43,0|0,"{'alt': 'C', 'pos': '14300', 'ref': 'G'}"
4c4f55f26606420d,Genotype,rsEX44,0|0,"{'alt': 'G', 'pos': '14400', 'ref': 'C'}"
b231e58cea83cd7a,Genotype,rsEX44,0|1,"{'alt': 'G', 'pos': '14400', 'ref': 'C'}"
80cdd7ecca0f5edc,Genotype,rsEX44,1|1,"{'alt': 'G', 'pos': '14400', 'ref': 'C'}"
4c4f55f26606420d,Genotype,rsEX45,0|0,"{'alt': 'A', 'pos': '14500', 'ref': 'T'}"
b231e58cea83cd7a,Genotype,rsEX45,0|1,"{'alt': 'A', 'pos': '14500', 'ref': 'T'}"
80cdd7ecca0f5edc,Genotype,rsEX45,0|0,"{'alt': 'A', 'pos': '14500', 'ref': 'T'}"
4c4f55f26606420d,Genotype,rsEX46,0|1,"{'alt': 'G', 'pos': '14600', 'ref': 'C'}"
b231e58cea83cd7a,Genotype,rsEX46,0|0,"{'alt': 'G', 'pos': '14600', 'ref': 'C'}"
80cdd7ecca0f5edc,Genotype,rsEX46,0|0,"{'alt': 'G', 'pos': '14600', 'ref': 'C'}"
4c4f55f26606420d,Genotype,rsEX47,1|1,"{'alt': 'A', 'pos': '14700', 'ref': 'T'}"
b231e58cea83cd7a,Genotype,rsEX47,0|1,"{'alt': 'A', 'pos': '14700', 'ref': 'T'}"
80cdd7ecca0f5edc,Genotype,rsEX47,0|1,"{'alt': 'A', 'pos': '14700', 'ref': 'T'}"
4c4f55f26606420d,Genotype,rsEX48,0|0,"{'alt': 'C', 'pos': '14800', 'ref': 'A'}"
b231e58cea83cd7a,Genotype,rsEX48,1|1,"{'alt': 'C', 'pos': '14800', 'ref': 'A'}"
80cdd7ecca0f5edc,Genotype,rsEX48,0|0,"{'alt': 'C', 'pos': '14800', 'ref': 'A'}"
4c4f55f26606420d,Genotype,rsEX49,1|1,"{'alt': 'T', 'pos': '14900', 'ref': 'A'}"
b231e58cea83cd7a,Genotype,rsEX49,0|0,"{'alt': 'T', 'pos': '14900', 'ref': 'A'}"
80cdd7ecca0f5edc,Genotype,rsEX49,0|1,"{'alt': 'T', 'pos': '14900', 'ref': 'A'}"
4c4f55f26606420d,Genotype,rsEX50,0|0,"{'alt': 'C', 'pos': '15000', 'ref': 'T'}"
b231e58cea83cd7a,Genotype,rsEX50,0|0,"{'alt': 'C', 'pos': '15000', 'ref': 'T'}"
80cdd7ecca0f5edc,Genotype,rsEX50,0|0,"{'alt': 'C', 'pos': '15000', 'ref': 'T'}"
4c4f55f26606420d,Genotype,rsEX51,0|0,"{'alt': 'T', 'pos': '15100', 'ref': 'C'}"
b231e58cea83cd7a,Genotype,rsEX51,0|1,"{'alt': 'T', 'pos': '15100', 'ref': 'C'}"
80cdd7ecca0f5edc,Genotype,rsEX51,0|1,"{'alt': 'T', 'pos': '15100', 'ref': 'C'}"
4c4f55f26606420d,Genotype,rsEX52,0|1,"{'alt': 'C', 'pos': '15200', 'ref': 'T'}"
b231e58cea83cd7a,Genotype,rsEX52,0|0,"{'alt': 'C', 'pos': '15200', 'ref': 'T'}"
80cdd7ecca0f5edc,Genotype,rsEX52,0|1,"{'alt': 'C', 'pos': '15200', 'ref': 'T'}"
4c4f55f26606420d,Genotype,rsEX53,0|1,"{'alt': 'T', 'pos': '15300', 'ref': 'C'}"
b231e58cea83cd7a,Genotype,rsEX53,0|0,"{'alt': 'T', 'pos': '15300', 'ref': 'C'}"
80cdd7ecca0f5edc,Genotype,rsEX53,0|1,"{'alt': 'T', 'pos': '15300', 'ref': 'C'}"
4c4f55f26606420d,Genotype,rsEX54,0|1,"{'alt': 'A', 'pos': '15400', 'ref': 'T'}"
b231e58cea83cd7a,Genotype,rsEX54,0|1,"{'alt': 'A', 'pos': '15400', 'ref': 'T'}"
80cdd7ecca0f5edc,Genotype,rsEX54,1|1,"{'alt': 'A', 'pos': '15400', 'ref': 'T'}"
4c4f55f26606420d,Genotype,rsEX55,0|0,"{'alt': 'G', 'pos': '15500', 'ref': 'A'}"
b231e58cea83cd7a,Genotype,rsEX55,0|0,"{'alt': 'G', 'pos': '15500', 'ref': 'A'}"
80cdd7ecca0f5edc,Genotype,rsEX55,0|1,"{'alt': 'G', 'pos': '15500', 'ref': 'A'}"
4c4f55f26606420d,Genotype,rsEX56,0|0,"{'alt': 'T', 'pos': '15600', 'ref': 'A'}"
b231e58cea83cd7a,Genotype,rsEX56,1|1,"{'alt': 'T', 'pos': '15600', 'ref': 'A'}"
80cdd7ecca0f5edc,Genotype,rsEX56,1|1,"{'alt': 'T', 'pos': '15600', 'ref': 'A'}"
4c4f55f26606420d,Genotype,rsEX57,0|0,"{'alt': 'G', 'pos': '15700', 'ref': 'A'}"
b231e58cea83cd7a,Genotype,rsEX57,0|1,"{'alt': 'G', 'pos': '15700', 'ref': 'A'}"
80cdd7ecca0f5edc,Genotype,rsEX57,0|1,"{'alt': 'G', 'pos': '15700', 'ref': 'A'}"
4c4f55f26606420d,Genotype,rsEX58,0|1,"{'alt': 'G', 'pos': '15800', 'ref': 'C'}"
b231e58cea83cd7a,Genotype,rsEX58,0|0,"{'alt': 'G', 'pos': '15800', 'ref': 'C'}"
80cdd7ecca0f5edc,Genotype,rsEX58,0|0,"{'alt': 'G', 'pos': '15800', 'ref': 'C'}"
4c4f55f26606420d,Genotype,rsEX59,1|1,"{'alt': 'T', 'pos': '15900', 'ref': 'A'}"
b231e58cea83cd7a,Genotype,rsEX59,0|0,"{'alt': 'T', 'pos': '15900', 'ref': 'A'}"
80cdd7ecca0f5edc,Genotype,rsEX59,0|1,"{'alt': 'T', 'pos': '15900', 'ref': 'A'}"
4c4f55f26606420d,Genotype,rsEX60,0|0,"{'alt': 'A', 'pos': '16000', 'ref': 'T'}"
b231e58cea83cd7a,Genotype,rsEX60,0|1,"{'alt': 'A', 'pos': '16000', 'ref': 'T'}"
80cdd7ecca0f5edc,Genotype,rsEX60,0|0,"{'alt': 'A', 'pos': '16000', 'ref': 'T'}"
4c4f55f26606420d,Genotype,rsEX61,0|1,"{'alt': 'G', 'pos': '16100', 'ref': 'T'}"
b231e58cea83cd7a,Genotype,rsEX61,1|1,"{'alt': 'G', 'pos': '16100', 'ref': 'T'}"
80cdd7ecca0f5edc,Genotype,rsEX61,1|1,"{'alt': 'G', 'pos': '16100', 'ref': 'T'}"
4c4f55f26606420d,Genotype,rsEX62,0|1,"{'alt': 'T', 'pos': '16200', 'ref': 'A'}"
b231e58cea83cd7a,Genotype,rsEX62,0|1,"{'alt': 'T', 'pos': '16200', 'ref': 'A'}"
80cdd7ecca0f5edc,Genotype,rsEX62,0|0,"{'alt': 'T', 'pos': '16200', 'ref': 'A'}"
4c4f55f26606420d,Genotype,rsEX63,0|0,"{'alt': 'T', 'pos': '16300', 'ref': 'C'}"
b231e58cea83cd7a,Genotype,rsEX63,0|1,"{'alt': 'T', 'pos': '16300', 'ref': 'C'}"
80cdd7ecca0f5edc,Genotype,rsEX63,0|1,"{'alt': 'T', 'pos': '16300', 'ref': 'C'}"
4c4f55f26606420d,Genotype,rsEX64,1|1,"{'alt': 'G', 'pos': '16400', 'ref': 'A'}"
b231e58cea83cd7a,Genotype,rsEX64,1|1,"{'alt': 'G', 'pos': '16400', 'ref': 'A'}"
80cdd7ecca0f5edc,Genotype,rsEX64,1|1,"{'alt': 'G', 'pos': '16400', 'ref': 'A'}"
4c4f55f26606420d,Genotype,rsEX65,1|1,"{'alt': 'A', 'pos': '16500', 'ref': 'C'}"
b231e58cea83cd7a,Genotype,rsEX65,0|0,"{'alt': 'A', 'pos': '16500', 'ref': 'C'}"
80cdd7ecca0f5edc,Genotype,rsEX65,1|1,"{'alt': 'A', 'pos': '16500', 'ref': 'C'}"
4c4f55f26606420d,Genotype,rsEX66,0|0,"{'alt': 'A', 'pos': '16600', 'ref': 'C'}"
b231e58cea83cd7a,Genotype,rsEX66,0|0,"{'alt': 'A', 'pos': '16600', 'ref': 'C'}"
80cdd7ecca0f5edc,Genotype,rsEX66,0|0,"{'alt': 'A', 'pos': '16600', 'ref': 'C'}"
4c4f55f26606420d,Genotype,rsEX67,1|1,"{'alt': 'A', 'pos': '16700', 'ref': 'C'}"
b231e58cea83cd7a,Genotype,rsEX67,0|1,"{'alt': 'A', 'pos': '16700', 'ref': 'C'}"
80cdd7ecca0f5edc,Genotype,rsEX67,0|0,"{'alt': 'A', 'pos': '16700', 'ref': 'C'}"
4c4f55f26606420d,Genotype,rsEX68,0|0,"{'alt': 'G', 'pos': '16800', 'ref': 'T'}"
b231e58cea83cd7a,Genotype,rsEX68,0|1,"{'alt': 'G', 'pos': '16800', 'ref': 'T'}"
80cdd7ecca0f5edc,Genotype,rsEX68,0|0,"{'alt': 'G', 'pos': '16800', 'ref': 'T'}"
4c4f55f26606420d,Genotype,rsEX69,1|1,"{'alt': 'C', 'pos': '16900', 'ref': 'T'}"
b231e58cea83cd7a,Genotype,rsEX69,1|1,"{'alt': 'C', 'pos': '16900', 'ref': 'T'}"
80cdd7ecca0f5edc,Genotype,rsEX69,1|1,"{'alt': 'C', 'pos': '16900', 'ref': 'T'}"
4c4f55f26606420d,Genotype,rsEX70,1|1,"{'alt': 'C', 'pos': '17000', 'ref': 'T'}"
b231e58cea83cd7a,Genotype,rsEX70,0|0,"{'alt': 'C', 'pos': '17000', 'ref': 'T'}"
80cdd7ecca0f5edc,Genotype,rsEX70,0|0,"{'alt': 'C', 'pos': '17000', 'ref': 'T'}"
4c4f55f26606420d,Genotype,rsEX71,0|0,"{'alt': 'G', 'pos': '17100', 'ref': 'C'}"
b231e58cea83cd7a,Genotype,rsEX71,1|1,"{'alt': 'G', 'pos': '17100', 'ref': 'C'}"
80cdd7ecca0f5edc,Genotype,rsEX71,0|1,"{'alt': 'G', 'pos': '17100', 'ref': 'C'}"
4c4f55f26606420d,Genotype,rsEX72,0|0,"{'alt': 'C', 'pos': '17200', 'ref': 'A'}"
b231e58cea83cd7a,Genotype,rsEX72,0|0,"{'alt': 'C', 'pos': '17200', 'ref': 'A'}"
80cdd7ecca0f5edc,Genotype,rsEX72,0|0,"{'alt': 'C', 'pos': '17200', 'ref': 'A'}"
4c4f55f26606420d,Genotype,rsEX73,0|1,"{'alt': 'C', 'pos': '17300', 'ref': 'A'}"
b231e58cea83cd7a,Genotype,rsEX73,1|1,"{'alt': 'C', 'pos': '17300', 'ref': 'A'}"
80cdd7ecca0f5edc,Genotype,rsEX73,0|0,"{'alt': 'C', 'pos': '17300', 'ref': 'A'}"
4c4f55f26606420d,Genotype,rsEX74,0|1,"{'alt': 'G', 'pos': '17400', 'ref': 'T'}"
b231e58cea83cd7a,Genotype,rsEX74,0|0,"{'alt': 'G', 'pos': '17400', 'ref': 'T'}"
80cdd7ecca0f5edc,Genotype,rsEX74,0|0,"{'alt': 'G', 'pos': '17400', 'ref': 'T'}"
4c4f55f26606420d,Genotype,rsEX75,1|1,"{'alt': 'T', 'pos': '17500', 'ref': 'A'}"
b231e58cea83cd7a,Genotype,rsEX75,0|0,"{'alt': 'T', 'pos': '17500', 'ref': 'A'}"
80cdd7ecca0f5edc,Genotype,rsEX75,0|0,"{'alt': 'T', 'pos': '17500', 'ref': 'A'}"
4c4f55f26606420d,Genotype,rsEX76,0|0,"{'alt': 'C', 'pos': '17600', 'ref': 'T'}"
b231e58cea83cd7a,Genotype,rsEX76,0|0,"{'alt': 'C', 'pos': '17600', 'ref': 'T'}"
80cdd7ecca0f5edc,Genotype,rsEX76,1|1,"{'alt': 'C', 'pos': '17600', 'ref': 'T'}"
4c4f55f26606420d,Genotype,rsEX77,1|1,"{'alt': 'G', 'pos': '17700', 'ref': 'A'}"
b231e58cea83cd7a,Genotype,rsEX77,0|0,"{'alt': 'G', 'pos': '17700', 'ref': 'A'}"
80cdd7ecca0f5edc,Genotype,rsEX77,1|1,"{'alt': 'G', 'pos': '17700', 'ref': 'A'}"
4c4f55f26606420d,Genotype,rsEX78,0|0,"{'alt': 'G', 'pos': '17800', 'ref': 'C'}"
b231e58cea83cd7a,Genotype,rsEX78,1|1,"{'alt': 'G', 'pos': '17800', 'ref': 'C'}"
80cdd7ecca0f5edc,Genotype,rsEX78,0|0,"{'alt': 'G', 'pos': '17800', 'ref': 'C'}"
4c4f55f26606420d,Genotype,rsEX79,0|0,"{'alt': 'G', 'pos': '17900', 'ref': 'A'}"
b231e58cea83cd7a,Genotype,rsEX79,0|0,"{'alt': 'G', 'pos': '17900', 'ref': 'A'}"
80cdd7ecca0f5edc,Genotype,rsEX79,0|0,"{'alt': 'G', 'pos': '17900', 'ref': 'A'}"
4c4f55f26606420d,Genotype,rsEX80,0|1,"{'alt': 'G', 'pos': '18000', 'ref': 'A'}"
b231e58cea83cd7a,Genotype,rsEX80,0|0,"{'alt': 'G', 'pos': '18000', 'ref': 'A'}"
80cdd7ecca0f5edc,Genotype,rsEX80,0|0,"{'alt': 'G', 'pos': '18000', 'ref': 'A'}"
4c4f55f26606420d,Genotype,rsEX81,0|0,"{'alt': 'G', 'pos': '18100', 'ref': 'C'}"
b231e58cea83cd7a,Genotype,rsEX81,0|1,"{'alt': 'G', 'pos': '18100', 'ref': 'C'}"
80cdd7ecca0f5edc,Genotype,rsEX81,1|1,"{'alt': 'G', 'pos': '18100', 'ref': 'C'}"
4c4f55f26606420d,Genotype,rsEX82,1|1,"{'alt': 'A', 'pos': '18200', 'ref': 'C'}"
b231e58cea83cd7a,Genotype,rsEX82,0|0,"{'alt': 'A', 'pos': '18200', 'ref': 'C'}"
80cdd7ecca0f5edc,Genotype,rsEX82,1|1,"{'alt': 'A', 'pos': '18200', 'ref': 'C'}"
4c4f55f26606420d,Genotype,rsEX83,0|0,"{'alt': 'A', 'pos': '18300', 'ref': 'G'}"
b231e58cea83cd7a,Genotype,rsEX83,1|1,"{'alt': 'A', 'pos': '18300', 'ref': 'G'}"
80cdd7ecca0f5edc,Genotype,rsEX83,0|1,"{'alt': 'A', 'pos': '18300', 'ref': 'G'}"
4c4f55f26606420d,Genotype,rsEX84,1|1,"{'alt': 'C', 'pos': '18400', 'ref': 'T'}"
b231e58cea83cd7a,Genotype,rsEX84,0|0,"{'alt': 'C', 'pos': '18400', 'ref': 'T'}"
80cdd7ecca0f5edc,Genotype,rsEX84,0|1,"{'alt': 'C', 'pos': '18400', 'ref': 'T'}"
4c4f55f26606420d,Genotype,rsEX85,0|1,"{'alt': 'A', 'pos': '18500', 'ref': 'G'}"
b231e58cea83cd7a,Genotype,rsEX85,0|1,"{'alt': 'A', 'pos': '18500', 'ref': 'G'}"
80cdd7ecca0f5edc,Genotype,rsEX85,1|1,"{'alt': 'A', 'pos': '18500', 'ref': 'G'}"
4c4f55f26606420d,Genotype,rsEX86,0|1,"{'alt': 'C', 'pos': '18600', 'ref': 'T'}"
b231e58cea83cd7a,Genotype,rsEX86,0|1,"{'alt': 'C', 'pos': '18600', 'ref': 'T'}"
80cdd7ecca0f5edc,Genotype,rsEX86,0|0,"{'alt': 'C', 'pos': '18600', 'ref': 'T'}"
4c4f55f26606420d,Genotype,rsEX87,0|1,"{'alt': 'C', 'pos': '18700', 'ref': 'G'}"
b231e58cea83cd7a,Genotype,rsEX87,0|0,"{'alt': 'C', 'pos': '18700', 'ref': 'G'}"
80cdd7ecca0f5edc,Genotype,rsEX87,0|0,"{'alt': 'C', 'pos': '18700', 'ref': 'G'}"
4c4f55f26606420d,Genotype,rsEX88,1|1,"{'alt': 'A', 'pos': '18800', 'ref': 'G'}"
b231e58cea83cd7a,Genotype,rsEX88,0|0,"{'alt': 'A', 'pos': '18800', 'ref': 'G'}"
80cdd7ecca0f5edc,Genotype,rsEX88,1|1,"{'alt': 'A', 'pos': '18800', 'ref': 'G'}"
4c4f55f26606420d,Genotype,rsEX89,0|0,"{'alt': 'A', 'pos': '18900', 'ref': 'G'}"
b231e58cea83cd7a,Genotype,rsEX89,0|1,"{'alt': 'A', 'pos': '18900', 'ref': 'G'}"
80cdd7ecca0f5edc,Genotype,rsEX89,1|1,"{'alt': 'A', 'pos': '18900', 'ref': 'G'}"
4c4f55f26606420d,Genotype,rsEX90,0|1,"{'alt': 'G', 'pos': '19000', 'ref': 'T'}"
b231e58cea83cd7a,Genotype,rsEX90,1|1,"{'alt': 'G', 'pos': '19000', 'ref': 'T'}"
80cdd7ecca0f5edc,Genotype,rsEX90,0|1,"{'alt': 'G', 'pos': '19000', 'ref': 'T'}"
4c4f55f26606420d,Genotype,rsEX91,1|1,"{'alt': 'G', 'pos': '19100', 'ref': 'T'}"
b231e58cea83cd7a,Genotype,rsEX91,0|0,"{'alt': 'G', 'pos': '19100', 'ref': 'T'}"
80cdd7ecca0f5edc,Genotype,rsEX91,0|0,"{'alt': 'G', 'pos': '19100', 'ref': 'T'}"
4c4f55f26606420d,Genotype,rsEX92,0|0,"{'alt': 'G', 'pos': '19200', 'ref': 'T'}"
b231e58cea83cd7a,Genotype,rsEX92,0|1,"{'alt': 'G', 'pos': '19200', 'ref': 'T'}"
80cdd7ecca0f5edc,Genotype,rsEX92,1|1,"{'alt': 'G', 'pos': '19200', 'ref': 'T'}"
4c4f55f26606420d,Genotype,rsEX93,0|0,"{'alt': 'C', 'pos': '19300', 'ref': 'T'}"
b231e58cea83cd7a,Genotype,rsEX93,1|1,"{'alt': 'C', 'pos': '19300', 'ref': 'T'}"
80cdd7ecca0f5edc,Genotype,rsEX93,0|1,"{'alt': 'C', 'pos': '19300', 'ref': 'T'}"
4c4f55f26606420d,Genotype,rsEX94,1|1,"{'alt': 'A', 'pos': '19400', 'ref': 'G'}"
b231e58cea83cd7a,Genotype,rsEX94,0|0,"{'alt': 'A', 'pos': '19400', 'ref': 'G'}"
80cdd7ecca0f5edc,Genotype,rsEX94,0|0,"{'alt': 'A', 'pos': '19400', 'ref': 'G'}"
4c4f55f26606420d,Genotype,rsEX95,0|0,"{'alt': 'T', 'pos': '19500', 'ref': 'C'}"
b231e58cea83cd7a,Genotype,rsEX95,0|0,"{'alt': 'T', 'pos': '19500', 'ref': 'C'}"
80cdd7ecca0f5edc,Genotype,rsEX95,0|0,"{'alt': 'T', 'pos': '19500', 'ref': 'C'}"
4c4f55f26606420d,Genotype,rsEX96,0|1,"{'alt': 'A', 'pos': '19600', 'ref': 'T'}"
b231e58cea83cd7a,Genotype,rsEX96,1|1,"{'alt': 'A', 'pos': '19600', 'ref': 'T'}"
80cdd7ecca0f5edc,Genotype,rsEX96,0|0,"{'alt': 'A', 'pos': '19600', 'ref': 'T'}"
4c4f55f26606420d,Genotype,rsEX97,0|1,"{'alt': 'G', 'pos': '19700', 'ref': 'C'}"
b231e58cea83cd7a,Genotype,rsEX97,0|1,"{'alt': 'G', 'pos': '19700', 'ref': 'C'}"
80cdd7ecca0f5edc,Genotype,rsEX97,0|0,"{'alt': 'G', 'pos': '19700', 'ref': 'C'}"
4c4f55f26606420d,Genotype,rsEX98,0|0,"{'alt': 'A', 'pos': '19800', 'ref': 'T'}"
b231e58cea83cd7a,Genotype,rsEX98,0|1,"{'alt': 'A', 'pos': '19800', 'ref': 'T'}"
80cdd7ecca0f5edc,Genotype,rsEX98,0|0,"{'alt': 'A', 'pos': '19800', 'ref': 'T'}"
4c4f55f26606420d,Genotype,rsEX99,1|1,"{'alt': 'T', 'pos': '19900', 'ref': 'C'}"
b231e58cea83cd7a,Genotype,rsEX99,0|0,"{'alt': 'T', 'pos': '19900', 'ref': 'C'}"
80cdd7ecca0f5edc,Genotype,rsEX99,0|1,"{'alt': 'T', 'pos': '19900', 'ref': 'C'}"
4c4f55f26606420d,Genotype,rsEX100,0|1,"{'alt': 'A', 'pos': '20000', 'ref': 'G'}"
b231e58cea83cd7a,Genotype,rsEX100,0|0,"{'alt': 'A', 'pos': '20000', 'ref': 'G'}"
80cdd7ecca0f5edc,Genotype,rsEX100,0|1,"{'alt': 'A', 'pos': '20000', 'ref': 'G'}"
4c4f55f26606420d,GeneExpression,Gene1,41.01,
4c4f55f26606420d,GeneExpression,Gene2,9.14,
4c4f55f26606420d,GeneExpression,Gene3,73.75,
4c4f55f26606420d,GeneExpression,Gene4,10.68,
4c4f55f26606420d,GeneExpression,Gene5,59.99,
4c4f55f26606420d,GeneExpression,Gene6,23.94,
4c4f55f26606420d,GeneExpression,Gene7,13.18,
4c4f55f26606420d,GeneExpression,Gene8,45.25,
4c4f55f26606420d,GeneExpression,Gene9,71.27,
4c4f55f26606420d,GeneExpression,Gene10,36.2,
4c4f55f26606420d,GeneExpression,Gene11,40.52,
4c4f55f26606420d,GeneExpression,Gene12,23.17,
4c4f55f26606420d,GeneExpression,Gene13,71.08,
4c4f55f26606420d,GeneExpression,Gene14,96.04,
4c4f55f26606420d,GeneExpression,Gene15,0.86,
4c4f55f26606420d,GeneExpression,Gene16,18.73,
4c4f55f26606420d,GeneExpression,Gene17,68.31,
4c4f55f26606420d,GeneExpression,Gene18,14.31,
4c4f55f26606420d,GeneExpression,Gene19,47.92,
4c4f55f26606420d,GeneExpression,Gene20,11.45,
4c4f55f26606420d,GeneExpression,Gene21,21.01,
4c4f55f26606420d,GeneExpression,Gene22,46.06,
4c4f55f26606420d,GeneExpression,Gene23,29.73,
4c4f55f26606420d,GeneExpression,Gene24,65.43,
4c4f55f26606420d,GeneExpression,Gene25,7.57,
4c4f55f26606420d,GeneExpression,Gene26,39.65,
4c4f55f26606420d,GeneExpression,Gene27,68.57,
4c4f55f26606420d,GeneExpression,Gene28,53.06,
4c4f55f26606420d,GeneExpression,Gene29,85.84,
4c4f55f26606420d,GeneExpression,Gene30,78.62,
4c4f55f26606420d,GeneExpression,Gene31,12.47,
4c4f55f26606420d,GeneExpression,Gene32,9.64,
4c4f55f26606420d,GeneExpression,Gene33,86.19,
4c4f55f26606420d,GeneExpression,Gene34,2.25,
4c4f55f26606420d,GeneExpression,Gene35,13.93,
4c4f55f26606420d,GeneExpression,Gene36,66.31,
4c4f55f26606420d,GeneExpression,Gene37,60.2,
4c4f55f26606420d,GeneExpression,Gene38,63.8,
4c4f55f26606420d,GeneExpression,Gene39,85.63,
4c4f55f26606420d,GeneExpression,Gene40,99.89,
4c4f55f26606420d,GeneExpression,Gene41,80.59,
4c4f55f26606420d,GeneExpression,Gene42,11.36,
4c4f55f26606420d,GeneExpression,Gene43,56.06,
4c4f55f26606420d,GeneExpression,Gene44,19.81,
4c4f55f26606420d,GeneExpression,Gene45,32.17,
4c4f55f26606420d,GeneExpression,Gene46,76.37,
4c4f55f26606420d,GeneExpression,Gene47,51.93,
4c4f55f26606420d,GeneExpression,Gene48,38.78,
4c4f55f26606420d,GeneExpression,Gene49,66.13,
4c4f55f26606420d,GeneExpression,Gene50,83.46,
4c4f55f26606420d,GeneExpression,Gene51,21.56,
4c4f55f26606420d,GeneExpression,Gene52,5.32,
4c4f55f26606420d,GeneExpression,Gene53,20.44,
4c4f55f26606420d,GeneExpression,Gene54,7.5,
4c4f55f26606420d,GeneExpression,Gene55,90.01,
4c4f55f26606420d,GeneExpression,Gene56,34.39,
4c4f55f26606420d,GeneExpression,Gene57,88.94,
4c4f55f26606420d,GeneExpression,Gene58,18.77,
4c4f55f26606420d,GeneExpression,Gene59,77.33,
4c4f55f26606420d,GeneExpression,Gene60,34.19,
4c4f55f26606420d,GeneExpression,Gene61,32.51,
4c4f55f26606420d,GeneExpression,Gene62,53.51,
4c4f55f26606420d,GeneExpression,Gene63,9.11,
4c4f55f26606420d,GeneExpression,Gene64,91.99,
4c4f55f26606420d,GeneExpression,Gene65,23.35,
4c4f55f26606420d,GeneExpression,Gene66,70.44,
4c4f55f26606420d,GeneExpression,Gene67,95.46,
4c4f55f26606420d,GeneExpression,Gene68,18.94,
4c4f55f26606420d,GeneExpression,Gene69,54.43,
4c4f55f26606420d,GeneExpression,Gene70,86.54,
4c4f55f26606420d,GeneExpression,Gene71,76.62,
4c4f55f26606420d,GeneExpression,Gene72,98.12,
4c4f55f26606420d,GeneExpression,Gene73,0.18,
4c4f55f26606420d,GeneExpression,Gene74,82.35,
4c4f55f26606420d,GeneExpression,Gene75,44.15,
4c4f55f26606420d,GeneExpression,Gene76,87.27,
4c4f55f26606420d,GeneExpression,Gene77,11.32,
4c4f55f26606420d,GeneExpression,Gene78,90.39,
4c4f55f26606420d,GeneExpression,Gene79,63.82,
4c4f55f26606420d,GeneExpression,Gene80,50.81,
4c4f55f26606420d,GeneExpression,Gene81,23.62,
4c4f55f26606420d,GeneExpression,Gene82,73.29,
4c4f55f26606420d,GeneExpression,Gene83,0.26,
4c4f55f26606420d,GeneExpression,Gene84,37.54,
4c4f55f26606420d,GeneExpression,Gene85,37.38,
4c4f55f26606420d,GeneExpression,Gene86,87.38,
4c4f55f26606420d,GeneExpression,Gene87,5.88,
4c4f55f26606420d,GeneExpression,Gene88,96.85,
4c4f55f26606420d,GeneExpression,Gene89,25.14,
4c4f55f26606420d,GeneExpression,Gene90,44.38,
4c4f55f26606420d,GeneExpression,Gene91,21.06,
4c4f55f26606420d,GeneExpression,Gene92,71.84,
4c4f55f26606420d,GeneExpression,Gene93,64.99,
4c4f55f26606420d,GeneExpression,Gene94,26.95,
4c4f55f26606420d,GeneExpression,Gene95,60.26,
4c4f55f26606420d,GeneExpression,Gene96,76.79,
4c4f55f26606420d,GeneExpression,Gene97,33.14,
4c4f55f26606420d,GeneExpression,Gene98,59.74,
4c4f55f26606420d,GeneExpression,Gene99,91.1,
4c4f55f26606420d,GeneExpression,Gene100,51.21,
b231e58cea83cd7a,GeneExpression,Gene1,49.55,
b231e58cea83cd7a,GeneExpression,Gene2,91.62,
b231e58cea83cd7a,GeneExpression,Gene3,56.6,
b231e58cea83cd7a,GeneExpression,Gene4,32.02,
b231e58cea83cd7a,GeneExpression,Gene5,37.39,
b231e58cea83cd7a,GeneExpression,Gene6,29.87,
b231e58cea83cd7a,GeneExpression,Gene7,28.88,
b231e58cea83cd7a,GeneExpression,Gene8,64.25,
b231e58cea83cd7a,GeneExpression,Gene9,14.94,
b231e58cea83cd7a,GeneExpression,Gene10,80.43,
b231e58cea83cd7a,GeneExpression,Gene11,24.8,
b231e58cea83cd7a,GeneExpression,Gene12,8.77,
b231e58cea83cd7a,GeneExpression,Gene13,28.11,
b231e58cea83cd7a,GeneExpression,Gene14,93.89,
b231e58cea83cd7a,GeneExpression,Gene15,29.69,
b231e58cea83cd7a,GeneExpression,Gene16,93.19,
b231e58cea83cd7a,GeneExpression,Gene17,1.93,
b231e58cea83cd7a,GeneExpression,Gene18,89.16,
b231e58cea83cd7a,GeneExpression,Gene19,83.55,
b231e58cea83cd7a,GeneExpression,Gene20,59.05,
b231e58cea83cd7a,GeneExpression,Gene21,20.5,
b231e58cea83cd7a,GeneExpression,Gene22,12.17,
b231e58cea83cd7a,GeneExpression,Gene23,27.22,
b231e58cea83cd7a,GeneExpression,Gene24,1.02,
b231e58cea83cd7a,GeneExpression,Gene25,54.36,
b231e58cea83cd7a,GeneExpression,Gene26,68.54,
b231e58cea83cd7a,GeneExpression,Gene27,28.3,
b231e58cea83cd7a,GeneExpression,Gene28,33.37,
b231e58cea83cd7a,GeneExpression,Gene29,3.46,
b231e58cea83cd7a,GeneExpression,Gene30,12.29,
b231e58cea83cd7a,GeneExpression,Gene31,98.07,
b231e58cea83cd7a,GeneExpression,Gene32,47.27,
b231e58cea83cd7a,GeneExpression,Gene33,90.17,
b231e58cea83cd7a,GeneExpression,Gene34,39.4,
b231e58cea83cd7a,GeneExpression,Gene35,54.98,
b231e58cea83cd7a,GeneExpression,Gene36,6.1,
b231e58cea83cd7a,GeneExpression,Gene37,45.9,
b231e58cea83cd7a,GeneExpression,Gene38,67.3,
b231e58cea83cd7a,GeneExpression,Gene39,87.85,
b231e58cea83cd7a,GeneExpression,Gene40,80.32,
b231e58cea83cd7a,GeneExpression,Gene41,26.62,
b231e58cea83cd7a,GeneExpression,Gene42,99.99,
b231e58cea83cd7a,GeneExpression,Gene43,80.8,
b231e58cea83cd7a,GeneExpression,Gene44,88.36,
b231e58cea83cd7a,GeneExpression,Gene45,33.08,
b231e58cea83cd7a,GeneExpression,Gene46,71.99,
b231e58cea83cd7a,GeneExpression,Gene47,4.73,
b231e58cea83cd7a,GeneExpression,Gene48,92.62,
b231e58cea83cd7a,GeneExpression,Gene49,73.68,
b231e58cea83cd7a,GeneExpression,Gene50,6.74,
b231e58cea83cd7a,GeneExpression,Gene51,87.24,
b231e58cea83cd7a,GeneExpression,Gene52,65.59,
b231e58cea83cd7a,GeneExpression,Gene53,51.09,
b231e58cea83cd7a,GeneExpression,Gene54,22.46,
b231e58cea83cd7a,GeneExpression,Gene55,75.38,
b231e58cea83cd7a,GeneExpression,Gene56,19.68,
b231e58cea83cd7a,GeneExpression,Gene57,33.04,
b231e58cea83cd7a,GeneExpression,Gene58,88.94,
b231e58cea83cd7a,GeneExpression,Gene59,51.93,
b231e58cea83cd7a,GeneExpression,Gene60,97.89,
b231e58cea83cd7a,GeneExpression,Gene61,7.74,
b231e58cea83cd7a,GeneExpression,Gene62,56.7,
b231e58cea83cd7a,GeneExpression,Gene63,9.09,
b231e58cea83cd7a,GeneExpression,Gene64,61.64,
b231e58cea83cd7a,GeneExpression,Gene65,4.65,
b231e58cea83cd7a,GeneExpression,Gene66,98.86,
b231e58cea83cd7a,GeneExpression,Gene67,10.54,
b231e58cea83cd7a,GeneExpression,Gene68,87.37,
b231e58cea83cd7a,GeneExpression,Gene69,61.83,
b231e58cea83cd7a,GeneExpression,Gene70,13.25,
b231e58cea83cd7a,GeneExpression,Gene71,44.33,
b231e58cea83cd7a,GeneExpression,Gene72,9.41,
b231e58cea83cd7a,GeneExpression,Gene73,67.56,
b231e58cea83cd7a,GeneExpression,Gene74,85.44,
b231e58cea83cd7a,GeneExpression,Gene75,25.56,
b231e58cea83cd7a,GeneExpression,Gene76,9.57,
b231e58cea83cd7a,GeneExpression,Gene77,89.85,
b231e58cea83cd7a,GeneExpression,Gene78,55.59,
b231e58cea83cd7a,GeneExpression,Gene79,68.98,
b231e58cea83cd7a,GeneExpression,Gene80,28.81,
b231e58cea83cd7a,GeneExpression,Gene81,14.96,
b231e58cea83cd7a,GeneExpression,Gene82,83.61,
b231e58cea83cd7a,GeneExpression,Gene83,36.34,
b231e58cea83cd7a,GeneExpression,Gene84,66.68,
b231e58cea83cd7a,GeneExpression,Gene85,64.43,
b231e58cea83cd7a,GeneExpression,Gene86,53.88,
b231e58cea83cd7a,GeneExpression,Gene87,94.03,
b231e58cea83cd7a,GeneExpression,Gene88,12.21,
b231e58cea83cd7a,GeneExpression,Gene89,94.22,
b231e58cea83cd7a,GeneExpression,Gene90,22.29,
b231e58cea83cd7a,GeneExpression,Gene91,9.58,
b231e58cea83cd7a,GeneExpression,Gene92,26.72,
b231e58cea83cd7a,GeneExpression,Gene93,34.57,
b231e58cea83cd7a,GeneExpression,Gene94,72.89,
b231e58cea83cd7a,GeneExpression,Gene95,0.84,
b231e58cea83cd7a,GeneExpression,Gene96,8.74,
b231e58cea83cd7a,GeneExpression,Gene97,58.05,
b231e58cea83cd7a,GeneExpression,Gene98,66.37,
b231e58cea83cd7a,GeneExpression,Gene99,4.3,
b231e58cea83cd7a,GeneExpression,Gene100,8.27,
80cdd7ecca0f5edc,GeneExpression,Gene1,20.65,
80cdd7ecca0f5edc,GeneExpression,Gene2,43.81,
80cdd7ecca0f5edc,GeneExpression,Gene3,58.3,
80cdd7ecca0f5edc,GeneExpression,Gene4,83.46,
80cdd7ecca0f5edc,GeneExpression,Gene5,26.65,
80cdd7ecca0f5edc,GeneExpression,Gene6,17.82,
80cdd7ecca0f5edc,GeneExpression,Gene7,32.46,
80cdd7ecca0f5edc,GeneExpression,Gene8,54.33,
80cdd7ecca0f5edc,GeneExpression,Gene9,52.78,
80cdd7ecca0f5edc,GeneExpression,Gene10,89.96,
80cdd7ecca0f5edc,GeneExpression,Gene11,43.85,
80cdd7ecca0f5edc,GeneExpression,Gene12,79.51,
80cdd7ecca0f5edc,GeneExpression,Gene13,42.88,
80cdd7ecca0f5edc,GeneExpression,Gene14,7.42,
80cdd7ecca0f5edc,GeneExpression,Gene15,86.79,
80cdd7ecca0f5edc,GeneExpression,Gene16,10.02,
80cdd7ecca0f5edc,GeneExpression,Gene17,50.26,
80cdd7ecca0f5edc,GeneExpression,Gene18,83.51,
80cdd7ecca0f5edc,GeneExpression,Gene19,74.69,
80cdd7ecca0f5edc,GeneExpression,Gene20,30.09,
80cdd7ecca0f5edc,GeneExpression,Gene21,38.54,
80cdd7ecca0f5edc,GeneExpression,Gene22,53.8,
80cdd7ecca0f5edc,GeneExpression,Gene23,64.7,
80cdd7ecca0f5edc,GeneExpression,Gene24,46.63,
80cdd7ecca0f5edc,GeneExpression,Gene25,89.24,
80cdd7ecca0f5edc,GeneExpression,Gene26,83.18,
80cdd7ecca0f5edc,GeneExpression,Gene27,19.28,
80cdd7ecca0f5edc,GeneExpression,Gene28,7.31,
80cdd7ecca0f5edc,GeneExpression,Gene29,47.64,
80cdd7ecca0f5edc,GeneExpression,Gene30,61.42,
80cdd7ecca0f5edc,GeneExpression,Gene31,13.07,
80cdd7ecca0f5edc,GeneExpression,Gene32,69.21,
80cdd7ecca0f5edc,GeneExpression,Gene33,47.63,
80cdd7ecca0f5edc,GeneExpression,Gene34,87.03,
80cdd7ecca0f5edc,GeneExpression,Gene35,93.07,
80cdd7ecca0f5edc,GeneExpression,Gene36,24.86,
80cdd7ecca0f5edc,GeneExpression,Gene37,2.97,
80cdd7ecca0f5edc,GeneExpression,Gene38,30.33,
80cdd7ecca0f5edc,GeneExpression,Gene39,35.89,
80cdd7ecca0f5edc,GeneExpression,Gene40,76.69,
80cdd7ecca0f5edc,GeneExpression,Gene41,66.01,
80cdd7ecca0f5edc,GeneExpression,Gene42,81.75,
80cdd7ecca0f5edc,GeneExpression,Gene43,14.35,
80cdd7ecca0f5edc,GeneExpression,Gene44,7.56,
80cdd7ecca0f5edc,GeneExpression,Gene45,49.24,
80cdd7ecca0f5edc,GeneExpression,Gene46,53.5,
80cdd7ecca0f5edc,GeneExpression,Gene47,80.78,
80cdd7ecca0f5edc,GeneExpression,Gene48,52.54,
80cdd7ecca0f5edc,GeneExpression,Gene49,82.98,
80cdd7ecca0f5edc,GeneExpression,Gene50,48.92,
80cdd7ecca0f5edc,GeneExpression,Gene51,48.37,
80cdd7ecca0f5edc,GeneExpression,Gene52,84.27,
80cdd7ecca0f5edc,GeneExpression,Gene53,41.48,
80cdd7ecca0f5edc,GeneExpression,Gene54,33.84,
80cdd7ecca0f5edc,GeneExpression,Gene55,10.84,
80cdd7ecca0f5edc,GeneExpression,Gene56,14.64,
80cdd7ecca0f5edc,GeneExpression,Gene57,37.87,
80cdd7ecca0f5edc,GeneExpression,Gene58,81.68,
80cdd7ecca0f5edc,GeneExpression,Gene59,60.41,
80cdd7ecca0f5edc,GeneExpression,Gene60,59.84,
80cdd7ecca0f5edc,GeneExpression,Gene61,67.6,
80cdd7ecca0f5edc,GeneExpression,Gene62,86.25,
80cdd7ecca0f5edc,GeneExpression,Gene63,77.15,
80cdd7ecca0f5edc,GeneExpression,Gene64,93.25,
80cdd7ecca0f5edc,GeneExpression,Gene65,33.99,
80cdd7ecca0f5edc,GeneExpression,Gene66,58.57,
80cdd7ecca0f5edc,GeneExpression,Gene67,87.21,
80cdd7ecca0f5edc,GeneExpression,Gene68,23.3,
80cdd7ecca0f5edc,GeneExpression,Gene69,41.49,
80cdd7ecca0f5edc,GeneExpression,Gene70,51.12,
80cdd7ecca0f5edc,GeneExpression,Gene71,68.55,
80cdd7ecca0f5edc,GeneExpression,Gene72,39.7,
80cdd7ecca0f5edc,GeneExpression,Gene73,54.0,
80cdd7ecca0f5edc,GeneExpression,Gene74,51.96,
80cdd7ecca0f5edc,GeneExpression,Gene75,91.92,
80cdd7ecca0f5edc,GeneExpression,Gene76,82.72,
80cdd7ecca0f5edc,GeneExpression,Gene77,65.59,
80cdd7ecca0f5edc,GeneExpression,Gene78,24.2,
80cdd7ecca0f5edc,GeneExpression,Gene79,25.09,
80cdd7ecca0f5edc,GeneExpression,Gene80,84.9,
80cdd7ecca0f5edc,GeneExpression,Gene81,35.62,
80cdd7ecca0f5edc,GeneExpression,Gene82,66.16,
80cdd7ecca0f5edc,GeneExpression,Gene83,52.65,
80cdd7ecca0f5edc,GeneExpression,Gene84,36.93,
80cdd7ecca0f5edc,GeneExpression,Gene85,94.84,
80cdd7ecca0f5edc,GeneExpression,Gene86,74.6,
80cdd7ecca0f5edc,GeneExpression,Gene87,8.9,
80cdd7ecca0f5edc,GeneExpression,Gene88,11.52,
80cdd7ecca0f5edc,GeneExpression,Gene89,53.22,
80cdd7ecca0f5edc,GeneExpression,Gene90,81.7,
80cdd7ecca0f5edc,GeneExpression,Gene91,9.56,
80cdd7ecca0f5edc,GeneExpression,Gene92,26.4,
80cdd7ecca0f5edc,GeneExpression,Gene93,43.44,
80cdd7ecca0f5edc,GeneExpression,Gene94,90.02,
80cdd7ecca0f5edc,GeneExpression,Gene95,76.84,
80cdd7ecca0f5edc,GeneExpression,Gene96,23.72,
80cdd7ecca0f5edc,GeneExpression,Gene97,68.34,
80cdd7ecca0f5edc,GeneExpression,Gene98,40.35,
80cdd7ecca0f5edc,GeneExpression,Gene99,80.89,
80cdd7ecca0f5edc,GeneExpression,Gene100,15.69,
c32fd445d92ddff5,GeneExpression,Gene1,57.79,
c32fd445d92ddff5,GeneExpression,Gene2,69.75,
c32fd445d92ddff5,GeneExpression,Gene3,45.63,
c32fd445d92ddff5,GeneExpression,Gene4,32.27,
c32fd445d92ddff5,GeneExpression,Gene5,15.48,
c32fd445d92ddff5,GeneExpression,Gene6,46.42,
c32fd445d92ddff5,GeneExpression,Gene7,22.95,
c32fd445d92ddff5,GeneExpression,Gene8,56.28,
c32fd445d92ddff5,GeneExpression,Gene9,25.12,
c32fd445d92ddff5,GeneExpression,Gene10,46.95,
c32fd445d92ddff5,GeneExpression,Gene11,7.93,
c32fd445d92ddff5,GeneExpression,Gene12,42.33,
c32fd445d92ddff5,GeneExpression,Gene13,60.86,
c32fd445d92ddff5,GeneExpression,Gene14,45.02,
c32fd445d92ddff5,GeneExpression,Gene15,69.91,
c32fd445d92ddff5,GeneExpression,Gene16,75.87,
c32fd445d92ddff5,GeneExpression,Gene17,0.94,
c32fd445d92ddff5,GeneExpression,Gene18,8.97,
c32fd445d92ddff5,GeneExpression,Gene19,24.3,
c32fd445d92ddff5,GeneExpression,Gene20,55.57,
c32fd445d92ddff5,GeneExpression,Gene21,54.27,
c32fd445d92ddff5,GeneExpression,Gene22,29.03,
c32fd445d92ddff5,GeneExpression,Gene23,51.15,
c32fd445d92ddff5,GeneExpression,Gene24,86.08,
c32fd445d92ddff5,GeneExpression,Gene25,45.25,
c32fd445d92ddff5,GeneExpression,Gene26,92.68,
c32fd445d92ddff5,GeneExpression,Gene27,63.63,
c32fd445d92ddff5,GeneExpression,Gene28,1.16,
c32fd445d92ddff5,GeneExpression,Gene29,60.79,
c32fd445d92ddff5,GeneExpression,Gene30,76.94,
c32fd445d92ddff5,GeneExpression,Gene31,55.91,
c32fd445d92ddff5,GeneExpression,Gene32,7.49,
c32fd445d92ddff5,GeneExpression,Gene33,4.64,
c32fd445d92ddff5,GeneExpression,Gene34,47.64,
c32fd445d92ddff5,GeneExpression,Gene35,25.88,
c32fd445d92ddff5,GeneExpression,Gene36,5.7,
c32fd445d92ddff5,GeneExpression,Gene37,63.27,
c32fd445d92ddff5,GeneExpression,Gene38,24.67,
c32fd445d92ddff5,GeneExpression,Gene39,47.63,
c32fd445d92ddff5,GeneExpression,Gene40,91.19,
c32fd445d92ddff5,GeneExpression,Gene41,55.63,
c32fd445d92ddff5,GeneExpression,Gene42,72.86,
c32fd445d92ddff5,GeneExpression,Gene43,78.86,
c32fd445d92ddff5,GeneExpression,Gene44,53.33,
c32fd445d92ddff5,GeneExpression,Gene45,42.17,
c32fd445d92ddff5,GeneExpression,Gene46,74.99,
c32fd445d92ddff5,GeneExpression,Gene47,84.75,
c32fd445d92ddff5,GeneExpression,Gene48,64.2,
c32fd445d92ddff5,GeneExpression,Gene49,46.63,
c32fd445d92ddff5,GeneExpression,Gene50,30.25,
c32fd445d92ddff5,GeneExpression,Gene51,32.91,
c32fd445d92ddff5,GeneExpression,Gene52,83.36,
c32fd445d92ddff5,GeneExpression,Gene53,34.28,
c32fd445d92ddff5,GeneExpression,Gene54,1.63,
c32fd445d92ddff5,GeneExpression,Gene55,94.5,
c32fd445d92ddff5,GeneExpression,Gene56,1.62,
c32fd445d92ddff5,GeneExpression,Gene57,81.91,
c32fd445d92ddff5,GeneExpression,Gene58,55.01,
c32fd445d92ddff5,GeneExpression,Gene59,8.08,
c32fd445d92ddff5,GeneExpression,Gene60,27.35,
c32fd445d92ddff5,GeneExpression,Gene61,80.77,
c32fd445d92ddff5,GeneExpression,Gene62,60.67,
c32fd445d92ddff5,GeneExpression,Gene63,44.64,
c32fd445d92ddff5,GeneExpression,Gene64,18.17,
c32fd445d92ddff5,GeneExpression,Gene65,11.44,
c32fd445d92ddff5,GeneExpression,Gene66,22.84,
c32fd445d92ddff5,GeneExpression,Gene67,13.36,
c32fd445d92ddff5,GeneExpression,Gene68,16.18,
c32fd445d92ddff5,GeneExpression,Gene69,7.86,
c32fd445d92ddff5,GeneExpression,Gene70,12.48,
c32fd445d92ddff5,GeneExpression,Gene71,48.29,
c32fd445d92ddff5,GeneExpression,Gene72,38.55,
c32fd445d92ddff5,GeneExpression,Gene73,73.77,
c32fd445d92ddff5,GeneExpression,Gene74,98.82,
c32fd445d92ddff5,GeneExpression,Gene75,88.95,
c32fd445d92ddff5,GeneExpression,Gene76,78.83,
c32fd445d92ddff5,GeneExpression,Gene77,14.99,
c32fd445d92ddff5,GeneExpression,Gene78,28.84,
c32fd445d92ddff5,GeneExpression,Gene79,76.87,
c32fd445d92ddff5,GeneExpression,Gene80,8.0,
c32fd445d92ddff5,GeneExpression,Gene81,82.57,
c32fd445d92ddff5,GeneExpression,Gene82,69.2,
c32fd445d92ddff5,GeneExpression,Gene83,41.92,
c32fd445d92ddff5,GeneExpression,Gene84,8.03,
c32fd445d92ddff5,GeneExpression,Gene85,25.72,
c32fd445d92ddff5,GeneExpression,Gene86,27.35,
c32fd445d92ddff5,GeneExpression,Gene87,93.5,
c32fd445d92ddff5,GeneExpression,Gene88,50.57,
c32fd445d92ddff5,GeneExpression,Gene89,78.15,
c32fd445d92ddff5,GeneExpression,Gene90,72.63,
c32fd445d92ddff5,GeneExpression,Gene91,88.19,
c32fd445d92ddff5,GeneExpression,Gene92,71.38,
c32fd445d92ddff5,GeneExpression,Gene93,38.85,
c32fd445d92ddff5,GeneExpression,Gene94,79.91,
c32fd445d92ddff5,GeneExpression,Gene95,82.28,
c32fd445d92ddff5,GeneExpression,Gene96,56.64,
c32fd445d92ddff5,GeneExpression,Gene97,30.89,
c32fd445d92ddff5,GeneExpression,Gene98,43.13,
c32fd445d92ddff5,GeneExpression,Gene99,80.19,
c32fd445d92ddff5,GeneExpression,Gene100,19.23,
9a2da26c7740e0f7,GeneExpression,Gene1,82.66,
9a2da26c7740e0f7,GeneExpression,Gene2,52.38,
9a2da26c7740e0f7,GeneExpression,Gene3,45.01,
9a2da26c7740e0f7,GeneExpression,Gene4,62.1,
9a2da26c7740e0f7,GeneExpression,Gene5,84.18,
9a2da26c7740e0f7,GeneExpression,Gene6,13.53,
9a2da26c7740e0f7,GeneExpression,Gene7,51.83,
9a2da26c7740e0f7,GeneExpression,Gene8,62.58,
9a2da26c7740e0f7,GeneExpression,Gene9,53.09,
9a2da26c7740e0f7,GeneExpression,Gene10,2.51,
9a2da26c7740e0f7,GeneExpression,Gene11,45.8,
9a2da26c7740e0f7,GeneExpression,Gene12,84.34,
9a2da26c7740e0f7,GeneExpression,Gene13,1.24,
9a2da26c7740e0f7,GeneExpression,Gene14,32.65,
9a2da26c7740e0f7,GeneExpression,Gene15,67.27,
9a2da26c7740e0f7,GeneExpression,Gene16,87.86,
9a2da26c7740e0f7,GeneExpression,Gene17,77.73,
9a2da26c7740e0f7,GeneExpression,Gene18,78.89,
9a2da26c7740e0f7,GeneExpression,Gene19,51.88,
9a2da26c7740e0f7,GeneExpression,Gene20,75.86,
9a2da26c7740e0f7,GeneExpression,Gene21,21.16,
9a2da26c7740e0f7,GeneExpression,Gene22,36.56,
9a2da26c7740e0f7,GeneExpression,Gene23,32.37,
9a2da26c7740e0f7,GeneExpression,Gene24,57.89,
9a2da26c7740e0f7,GeneExpression,Gene25,67.32,
9a2da26c7740e0f7,GeneExpression,Gene26,80.55,
9a2da26c7740e0f7,GeneExpression,Gene27,17.26,
9a2da26c7740e0f7,GeneExpression,Gene28,88.31,
9a2da26c7740e0f7,GeneExpression,Gene29,52.41,
9a2da26c7740e0f7,GeneExpression,Gene30,44.83,
9a2da26c7740e0f7,GeneExpression,Gene31,10.4,
9a2da26c7740e0f7,GeneExpression,Gene32,29.29,
9a2da26c7740e0f7,GeneExpression,Gene33,38.92,
9a2da26c7740e0f7,GeneExpression,Gene34,29.78,
9a2da26c7740e0f7,GeneExpression,Gene35,85.51,
9a2da26c7740e0f7,GeneExpression,Gene36,44.76,
9a2da26c7740e0f7,GeneExpression,Gene37,90.76,
9a2da26c7740e0f7,GeneExpression,Gene38,95.78,
9a2da26c7740e0f7,GeneExpression,Gene39,66.13,
9a2da26c7740e0f7,GeneExpression,Gene40,83.82,
9a2da26c7740e0f7,GeneExpression,Gene41,21.98,
9a2da26c7740e0f7,GeneExpression,Gene42,15.3,
9a2da26c7740e0f7,GeneExpression,Gene43,40.39,
9a2da26c7740e0f7,GeneExpression,Gene44,37.45,
9a2da26c7740e0f7,GeneExpression,Gene45,55.32,
9a2da26c7740e0f7,GeneExpression,Gene46,50.04,
9a2da26c7740e0f7,GeneExpression,Gene47,3.03,
9a2da26c7740e0f7,GeneExpression,Gene48,16.97,
9a2da26c7740e0f7,GeneExpression,Gene49,30.0,
9a2da26c7740e0f7,GeneExpression,Gene50,58.56,
9a2da26c7740e0f7,GeneExpression,Gene51,38.14,
9a2da26c7740e0f7,GeneExpression,Gene52,1.49,
9a2da26c7740e0f7,GeneExpression,Gene53,70.4,
9a2da26c7740e0f7,GeneExpression,Gene54,46.99,
9a2da26c7740e0f7,GeneExpression,Gene55,88.59,
9a2da26c7740e0f7,GeneExpression,Gene56,77.89,
9a2da26c7740e0f7,GeneExpression,Gene57,50.81,
9a2da26c7740e0f7,GeneExpression,Gene58,16.61,
9a2da26c7740e0f7,GeneExpression,Gene59,59.0,
9a2da26c7740e0f7,GeneExpression,Gene60,54.12,
9a2da26c7740e0f7,GeneExpression,Gene61,70.12,
9a2da26c7740e0f7,GeneExpression,Gene62,52.3,
9a2da26c7740e0f7,GeneExpression,Gene63,64.38,
9a2da26c7740e0f7,GeneExpression,Gene64,58.23,
9a2da26c7740e0f7,GeneExpression,Gene65,48.02,
9a2da26c7740e0f7,GeneExpression,Gene66,26.93,
9a2da26c7740e0f7,GeneExpression,Gene67,80.93,
9a2da26c7740e0f7,GeneExpression,Gene68,21.88,
9a2da26c7740e0f7,GeneExpression,Gene69,66.61,
9a2da26c7740e0f7,GeneExpression,Gene70,98.54,
9a2da26c7740e0f7,GeneExpression,Gene71,45.45,
9a2da26c7740e0f7,GeneExpression,Gene72,45.0,
9a2da26c7740e0f7,GeneExpression,Gene73,67.02,
9a2da26c7740e0f7,GeneExpression,Gene74,22.84,
9a2da26c7740e0f7,GeneExpression,Gene75,44.15,
9a2da26c7740e0f7,GeneExpression,Gene76,66.74,
9a2da26c7740e0f7,GeneExpression,Gene77,20.91,
9a2da26c7740e0f7,GeneExpression,Gene78,53.76,
9a2da26c7740e0f7,GeneExpression,Gene79,22.04,
9a2da26c7740e0f7,GeneExpression,Gene80,1.53,
9a2da26c7740e0f7,GeneExpression,Gene81,95.2,
9a2da26c7740e0f7,GeneExpression,Gene82,66.03,
9a2da26c7740e0f7,GeneExpression,Gene83,8.41,
9a2da26c7740e0f7,GeneExpression,Gene84,7.67,
9a2da26c7740e0f7,GeneExpression,Gene85,81.84,
9a2da26c7740e0f7,GeneExpression,Gene86,36.91,
9a2da26c7740e0f7,GeneExpression,Gene87,39.49,
9a2da26c7740e0f7,GeneExpression,Gene88,49.68,
9a2da26c7740e0f7,GeneExpression,Gene89,2.16,
9a2da26c7740e0f7,GeneExpression,Gene90,59.26,
9a2da26c7740e0f7,GeneExpression,Gene91,83.37,
9a2da26c7740e0f7,GeneExpression,Gene92,66.79,
9a2da26c7740e0f7,GeneExpression,Gene93,16.82,
9a2da26c7740e0f7,GeneExpression,Gene94,69.5,
9a2da26c7740e0f7,GeneExpression,Gene95,35.85,
9a2da26c7740e0f7,GeneExpression,Gene96,20.25,
9a2da26c7740e0f7,GeneExpression,Gene97,49.35,
9a2da26c7740e0f7,GeneExpression,Gene98,57.01,
9a2da26c7740e0f7,GeneExpression,Gene99,11.67,
9a2da26c7740e0f7,GeneExpression,Gene100,11.24,
973c11494d24e38e,GeneExpression,Gene1,87.95,
973c11494d24e38e,GeneExpression,Gene2,7.07,
973c11494d24e38e,GeneExpression,Gene3,89.47,
973c11494d24e38e,GeneExpression,Gene4,17.06,
973c11494d24e38e,GeneExpression,Gene5,7.98,
973c11494d24e38e,GeneExpression,Gene6,98.12,
973c11494d24e38e,GeneExpression,Gene7,83.11,
973c11494d24e38e,GeneExpression,Gene8,0.19,
973c11494d24e38e,GeneExpression,Gene9,51.99,
973c11494d24e38e,GeneExpression,Gene10,92.86,
973c11494d24e38e,GeneExpression,Gene11,64.01,
973c11494d24e38e,GeneExpression,Gene12,79.81,
973c11494d24e38e,GeneExpression,Gene13,5.33,
973c11494d24e38e,GeneExpression,Gene14,67.41,
973c11494d24e38e,GeneExpression,Gene15,15.8,
973c11494d24e38e,GeneExpression,Gene16,4.25,
973c11494d24e38e,GeneExpression,Gene17,81.24,
973c11494d24e38e,GeneExpression,Gene18,26.13,
973c11494d24e38e,GeneExpression,Gene19,59.91,
973c11494d24e38e,GeneExpression,Gene20,91.24,
973c11494d24e38e,GeneExpression,Gene21,42.14,
973c11494d24e38e,GeneExpression,Gene22,8.85,
973c11494d24e38e,GeneExpression,Gene23,20.53,
973c11494d24e38e,GeneExpression,Gene24,45.35,
973c11494d24e38e,GeneExpression,Gene25,85.61,
973c11494d24e38e,GeneExpression,Gene26,70.51,
973c11494d24e38e,GeneExpression,Gene27,82.55,
973c11494d24e38e,GeneExpression,Gene28,86.89,
973c11494d24e38e,GeneExpression,Gene29,39.32,
973c11494d24e38e,GeneExpression,Gene30,67.73,
973c11494d24e38e,GeneExpression,Gene31,32.31,
973c11494d24e38e,GeneExpression,Gene32,1.19,
973c11494d24e38e,GeneExpression,Gene33,33.35,
973c11494d24e38e,GeneExpression,Gene34,73.82,
973c11494d24e38e,GeneExpression,Gene35,37.08,
973c11494d24e38e,GeneExpression,Gene36,87.1,
973c11494d24e38e,GeneExpression,Gene37,69.57,
973c11494d24e38e,GeneExpression,Gene38,60.28,
973c11494d24e38e,GeneExpression,Gene39,42.03,
973c11494d24e38e,GeneExpression,Gene40,95.2,
973c11494d24e38e,GeneExpression,Gene41,44.62,
973c11494d24e38e,GeneExpression,Gene42,60.26,
973c11494d24e38e,GeneExpression,Gene43,46.07,
973c11494d24e38e,GeneExpression,Gene44,86.93,
973c11494d24e38e,GeneExpression,Gene45,19.44,
973c11494d24e38e,GeneExpression,Gene46,93.29,
973c11494d24e38e,GeneExpression,Gene47,99.82,
973c11494d24e38e,GeneExpression,Gene48,16.04,
973c11494d24e38e,GeneExpression,Gene49,73.74,
973c11494d24e38e,GeneExpression,Gene50,93.38,
973c11494d24e38e,GeneExpression,Gene51,13.91,
973c11494d24e38e,GeneExpression,Gene52,36.33,
973c11494d24e38e,GeneExpression,Gene53,75.34,
973c11494d24e38e,GeneExpression,Gene54,30.05,
973c11494d24e38e,GeneExpression,Gene55,41.2,
973c11494d24e38e,GeneExpression,Gene56,40.34,
973c11494d24e38e,GeneExpression,Gene57,79.25,
973c11494d24e38e,GeneExpression,Gene58,96.63,
973c11494d24e38e,GeneExpression,Gene59,8.41,
973c11494d24e38e,GeneExpression,Gene60,98.62,
973c11494d24e38e,GeneExpression,Gene61,60.06,
973c11494d24e38e,GeneExpression,Gene62,98.35,
973c11494d24e38e,GeneExpression,Gene63,10.13,
973c11494d24e38e,GeneExpression,Gene64,99.06,
973c11494d24e38e,GeneExpression,Gene65,13.78,
973c11494d24e38e,GeneExpression,Gene66,1.56,
973c11494d24e38e,GeneExpression,Gene67,59.29,
973c11494d24e38e,GeneExpression,Gene68,85.68,
973c11494d24e38e,GeneExpression,Gene69,41.3,
973c11494d24e38e,GeneExpression,Gene70,3.41,
973c11494d24e38e,GeneExpression,Gene71,62.26,
973c11494d24e38e,GeneExpression,Gene72,93.03,
973c11494d24e38e,GeneExpression,Gene73,9.68,
973c11494d24e38e,GeneExpression,Gene74,24.31,
973c11494d24e38e,GeneExpression,Gene75,75.5,
973c11494d24e38e,GeneExpression,Gene76,47.51,
973c11494d24e38e,GeneExpression,Gene77,50.29,
973c11494d24e38e,GeneExpression,Gene78,61.43,
973c11494d24e38e,GeneExpression,Gene79,96.51,
973c11494d24e38e,GeneExpression,Gene80,88.53,
973c11494d24e38e,GeneExpression,Gene81,9.57,
973c11494d24e38e,GeneExpression,Gene82,65.13,
973c11494d24e38e,GeneExpression,Gene83,67.66,
973c11494d24e38e,GeneExpression,Gene84,1.16,
973c11494d24e38e,GeneExpression,Gene85,85.22,
973c11494d24e38e,GeneExpression,Gene86,95.3,
973c11494d24e38e,GeneExpression,Gene87,84.43,
973c11494d24e38e,GeneExpression,Gene88,64.43,
973c11494d24e38e,GeneExpression,Gene89,76.15,
973c11494d24e38e,GeneExpression,Gene90,1.34,
973c11494d24e38e,GeneExpression,Gene91,80.88,
973c11494d24e38e,GeneExpression,Gene92,71.59,
973c11494d24e38e,GeneExpression,Gene93,31.69,
973c11494d24e38e,GeneExpression,Gene94,87.15,
973c11494d24e38e,GeneExpression,Gene95,3.14,
973c11494d24e38e,GeneExpression,Gene96,73.25,
973c11494d24e38e,GeneExpression,Gene97,29.49,
973c11494d24e38e,GeneExpression,Gene98,6.14,
973c11494d24e38e,GeneExpression,Gene99,93.04,
973c11494d24e38e,GeneExpression,Gene100,58.01,
42728cc73b45bede,GeneExpression,Gene1,70.49,
42728cc73b45bede,GeneExpression,Gene2,71.63,
42728cc73b45bede,GeneExpression,Gene3,70.77,
42728cc73b45bede,GeneExpression,Gene4,12.23,
42728cc73b45bede,GeneExpression,Gene5,86.26,
42728cc73b45bede,GeneExpression,Gene6,6.9,
42728cc73b45bede,GeneExpression,Gene7,36.23,
42728cc73b45bede,GeneExpression,Gene8,81.03,
42728cc73b45bede,GeneExpression,Gene9,63.34,
42728cc73b45bede,GeneExpression,Gene10,53.14,
42728cc73b45bede,GeneExpression,Gene11,42.57,
42728cc73b45bede,GeneExpression,Gene12,66.32,
42728cc73b45bede,GeneExpression,Gene13,43.64,
42728cc73b45bede,GeneExpression,Gene14,67.25,
42728cc73b45bede,GeneExpression,Gene15,85.69,
42728cc73b45bede,GeneExpression,Gene16,50.41,
42728cc73b45bede,GeneExpression,Gene17,11.78,
42728cc73b45bede,GeneExpression,Gene18,13.86,
42728cc73b45bede,GeneExpression,Gene19,23.52,
42728cc73b45bede,GeneExpression,Gene20,20.09,
42728cc73b45bede,GeneExpression,Gene21,4.75,
42728cc73b45bede,GeneExpression,Gene22,30.77,
42728cc73b45bede,GeneExpression,Gene23,22.41,
42728cc73b45bede,GeneExpression,Gene24,88.57,
42728cc73b45bede,GeneExpression,Gene25,27.38,
42728cc73b45bede,GeneExpression,Gene26,55.17,
42728cc73b45bede,GeneExpression,Gene27,72.95,
42728cc73b45bede,GeneExpression,Gene28,68.63,
42728cc73b45bede,GeneExpression,Gene29,6.04,
42728cc73b45bede,GeneExpression,Gene30,87.1,
42728cc73b45bede,GeneExpression,Gene31,2.62,
42728cc73b45bede,GeneExpression,Gene32,55.27,
42728cc73b45bede,GeneExpression,Gene33,39.07,
42728cc73b45bede,GeneExpression,Gene34,0.14,
42728cc73b45bede,GeneExpression,Gene35,34.1,
42728cc73b45bede,GeneExpression,Gene36,28.53,
42728cc73b45bede,GeneExpression,Gene37,0.04,
42728cc73b45bede,GeneExpression,Gene38,56.89,
42728cc73b45bede,GeneExpression,Gene39,0.81,
42728cc73b45bede,GeneExpression,Gene40,75.97,
42728cc73b45bede,GeneExpression,Gene41,83.66,
42728cc73b45bede,GeneExpression,Gene42,34.31,
42728cc73b45bede,GeneExpression,Gene43,45.18,
42728cc73b45bede,GeneExpression,Gene44,45.62,
42728cc73b45bede,GeneExpression,Gene45,35.47,
42728cc73b45bede,GeneExpression,Gene46,67.49,
42728cc73b45bede,GeneExpression,Gene47,26.92,
42728cc73b45bede,GeneExpression,Gene48,81.6,
42728cc73b45bede,GeneExpression,Gene49,61.0,
42728cc73b45bede,GeneExpression,Gene50,21.44,
42728cc73b45bede,GeneExpression,Gene51,96.67,
42728cc73b45bede,GeneExpression,Gene52,41.1,
42728cc73b45bede,GeneExpression,Gene53,87.14,
42728cc73b45bede,GeneExpression,Gene54,24.06,
42728cc73b45bede,GeneExpression,Gene55,76.7,
42728cc73b45bede,GeneExpression,Gene56,92.95,
42728cc73b45bede,GeneExpression,Gene57,28.69,
42728cc73b45bede,GeneExpression,Gene58,97.25,
42728cc73b45bede,GeneExpression,Gene59,47.33,
42728cc73b45bede,GeneExpression,Gene60,69.04,
42728cc73b45bede,GeneExpression,Gene61,89.01,
42728cc73b45bede,GeneExpression,Gene62,97.86,
42728cc73b45bede,GeneExpression,Gene63,12.62,
42728cc73b45bede,GeneExpression,Gene64,88.79,
42728cc73b45bede,GeneExpression,Gene65,32.78,
42728cc73b45bede,GeneExpression,Gene66,39.98,
42728cc73b45bede,GeneExpression,Gene67,46.54,
42728cc73b45bede,GeneExpression,Gene68,23.3,
42728cc73b45bede,GeneExpression,Gene69,75.7,
42728cc73b45bede,GeneExpression,Gene70,72.21,
42728cc73b45bede,GeneExpression,Gene71,17.26,
42728cc73b45bede,GeneExpression,Gene72,15.38,
42728cc73b45bede,GeneExpression,Gene73,17.0,
42728cc73b45bede,GeneExpression,Gene74,4.89,
42728cc73b45bede,GeneExpression,Gene75,82.64,
42728cc73b45bede,GeneExpression,Gene76,69.34,
42728cc73b45bede,GeneExpression,Gene77,75.55,
42728cc73b45bede,GeneExpression,Gene78,58.91,
42728cc73b45bede,GeneExpression,Gene79,93.03,
42728cc73b45bede,GeneExpression,Gene80,31.46,
42728cc73b45bede,GeneExpression,Gene81,88.58,
42728cc73b45bede,GeneExpression,Gene82,53.61,
42728cc73b45bede,GeneExpression,Gene83,15.2,
42728cc73b45bede,GeneExpression,Gene84,83.06,
42728cc73b45bede,GeneExpression,Gene85,11.05,
42728cc73b45bede,GeneExpression,Gene86,38.34,
42728cc73b45bede,GeneExpression,Gene87,51.44,
42728cc73b45bede,GeneExpression,Gene88,67.62,
42728cc73b45bede,GeneExpression,Gene89,18.04,
42728cc73b45bede,GeneExpression,Gene90,95.66,
42728cc73b45bede,GeneExpression,Gene91,66.73,
42728cc73b45bede,GeneExpression,Gene92,3.59,
42728cc73b45bede,GeneExpression,Gene93,90.32,
42728cc73b45bede,GeneExpression,Gene94,72.51,
42728cc73b45bede,GeneExpression,Gene95,55.54,
42728cc73b45bede,GeneExpression,Gene96,54.71,
42728cc73b45bede,GeneExpression,Gene97,83.87,
42728cc73b45bede,GeneExpression,Gene98,58.01,
42728cc73b45bede,GeneExpression,Gene99,69.92,
42728cc73b45bede,GeneExpression,Gene100,3.65,
8f4c5baf2a4f1c34,GeneExpression,Gene1,45.44,
8f4c5baf2a4f1c34,GeneExpression,Gene2,95.98,
8f4c5baf2a4f1c34,GeneExpression,Gene3,82.23,
8f4c5baf2a4f1c34,GeneExpression,Gene4,46.27,
8f4c5baf2a4f1c34,GeneExpression,Gene5,61.82,
8f4c5baf2a4f1c34,GeneExpression,Gene6,28.48,
8f4c5baf2a4f1c34,GeneExpression,Gene7,48.24,
8f4c5baf2a4f1c34,GeneExpression,Gene8,82.06,
8f4c5baf2a4f1c34,GeneExpression,Gene9,16.03,
8f4c5baf2a4f1c34,GeneExpression,Gene10,84.18,
8f4c5baf2a4f1c34,GeneExpression,Gene11,30.24,
8f4c5baf2a4f1c34,GeneExpression,Gene12,69.19,
8f4c5baf2a4f1c34,GeneExpression,Gene13,31.76,
8f4c5baf2a4f1c34,GeneExpression,Gene14,82.44,
8f4c5baf2a4f1c34,GeneExpression,Gene15,17.87,
8f4c5baf2a4f1c34,GeneExpression,Gene16,84.36,
8f4c5baf2a4f1c34,GeneExpression,Gene17,65.98,
8f4c5baf2a4f1c34,GeneExpression,Gene18,34.04,
8f4c5baf2a4f1c34,GeneExpression,Gene19,25.16,
8f4c5baf2a4f1c34,GeneExpression,Gene20,64.69,
8f4c5baf2a4f1c34,GeneExpression,Gene21,18.55,
8f4c5baf2a4f1c34,GeneExpression,Gene22,44.79,
8f4c5baf2a4f1c34,GeneExpression,Gene23,73.15,
8f4c5baf2a4f1c34,GeneExpression,Gene24,8.29,
8f4c5baf2a4f1c34,GeneExpression,Gene25,16.29,
8f4c5baf2a4f1c34,GeneExpression,Gene26,57.59,
8f4c5baf2a4f1c34,GeneExpression,Gene27,90.84,
8f4c5baf2a4f1c34,GeneExpression,Gene28,82.33,
8f4c5baf2a4f1c34,GeneExpression,Gene29,17.25,
8f4c5baf2a4f1c34,GeneExpression,Gene30,35.78,
8f4c5baf2a4f1c34,GeneExpression,Gene31,1.19,
8f4c5baf2a4f1c34,GeneExpression,Gene32,62.21,
8f4c5baf2a4f1c34,GeneExpression,Gene33,39.65,
8f4c5baf2a4f1c34,GeneExpression,Gene34,37.27,
8f4c5baf2a4f1c34,GeneExpression,Gene35,13.28,
8f4c5baf2a4f1c34,GeneExpression,Gene36,97.9,
8f4c5baf2a4f1c34,GeneExpression,Gene37,28.97,
8f4c5baf2a4f1c34,GeneExpression,Gene38,8.96,
8f4c5baf2a4f1c34,GeneExpression,Gene39,37.04,
8f4c5baf2a4f1c34,GeneExpression,Gene40,68.71,
8f4c5baf2a4f1c34,GeneExpression,Gene41,30.78,
8f4c5baf2a4f1c34,GeneExpression,Gene42,81.6,
8f4c5baf2a4f1c34,GeneExpression,Gene43,90.93,
8f4c5baf2a4f1c34,GeneExpression,Gene44,39.7,
8f4c5baf2a4f1c34,GeneExpression,Gene45,61.81,
8f4c5baf2a4f1c34,GeneExpression,Gene46,58.71,
8f4c5baf2a4f1c34,GeneExpression,Gene47,87.52,
8f4c5baf2a4f1c34,GeneExpression,Gene48,51.83,
8f4c5baf2a4f1c34,GeneExpression,Gene49,33.59,
8f4c5baf2a4f1c34,GeneExpression,Gene50,18.1,
8f4c5baf2a4f1c34,GeneExpression,Gene51,47.76,
8f4c5baf2a4f1c34,GeneExpression,Gene52,43.13,
8f4c5baf2a4f1c34,GeneExpression,Gene53,56.72,
8f4c5baf2a4f1c34,GeneExpression,Gene54,40.96,
8f4c5baf2a4f1c34,GeneExpression,Gene55,96.93,
8f4c5baf2a4f1c34,GeneExpression,Gene56,56.01,
8f4c5baf2a4f1c34,GeneExpression,Gene57,1.77,
8f4c5baf2a4f1c34,GeneExpression,Gene58,90.84,
8f4c5baf2a4f1c34,GeneExpression,Gene59,73.57,
8f4c5baf2a4f1c34,GeneExpression,Gene60,71.75,
8f4c5baf2a4f1c34,GeneExpression,Gene61,41.96,
8f4c5baf2a4f1c34,GeneExpression,Gene62,44.3,
8f4c5baf2a4f1c34,GeneExpression,Gene63,6.98,
8f4c5baf2a4f1c34,GeneExpression,Gene64,82.62,
8f4c5baf2a4f1c34,GeneExpression,Gene65,31.89,
8f4c5baf2a4f1c34,GeneExpression,Gene66,34.95,
8f4c5baf2a4f1c34,GeneExpression,Gene67,6.5,
8f4c5baf2a4f1c34,GeneExpression,Gene68,88.48,
8f4c5baf2a4f1c34,GeneExpression,Gene69,81.61,
8f4c5baf2a4f1c34,GeneExpression,Gene70,30.82,
8f4c5baf2a4f1c34,GeneExpression,Gene71,17.66,
8f4c5baf2a4f1c34,GeneExpression,Gene72,78.49,
8f4c5baf2a4f1c34,GeneExpression,Gene73,9.01,
8f4c5baf2a4f1c34,GeneExpression,Gene74,62.12,
8f4c5baf2a4f1c34,GeneExpression,Gene75,40.39,
8f4c5baf2a4f1c34,GeneExpression,Gene76,38.12,
8f4c5baf2a4f1c34,GeneExpression,Gene77,33.89,
8f4c5baf2a4f1c34,GeneExpression,Gene78,86.2,
8f4c5baf2a4f1c34,GeneExpression,Gene79,69.83,
8f4c5baf2a4f1c34,GeneExpression,Gene80,49.92,
8f4c5baf2a4f1c34,GeneExpression,Gene81,44.54,
8f4c5baf2a4f1c34,GeneExpression,Gene82,38.93,
8f4c5baf2a4f1c34,GeneExpression,Gene83,20.94,
8f4c5baf2a4f1c34,GeneExpression,Gene84,99.83,
8f4c5baf2a4f1c34,GeneExpression,Gene85,4.69,
8f4c5baf2a4f1c34,GeneExpression,Gene86,91.05,
8f4c5baf2a4f1c34,GeneExpression,Gene87,96.65,
8f4c5baf2a4f1c34,GeneExpression,Gene88,23.14,
8f4c5baf2a4f1c34,GeneExpression,Gene89,80.76,
8f4c5baf2a4f1c34,GeneExpression,Gene90,29.85,
8f4c5baf2a4f1c34,GeneExpression,Gene91,19.55,
8f4c5baf2a4f1c34,GeneExpression,Gene92,48.88,
8f4c5baf2a4f1c34,GeneExpression,Gene93,98.85,
8f4c5baf2a4f1c34,GeneExpression,Gene94,81.97,
8f4c5baf2a4f1c34,GeneExpression,Gene95,53.05,
8f4c5baf2a4f1c34,GeneExpression,Gene96,18.48,
8f4c5baf2a4f1c34,GeneExpression,Gene97,94.49,
8f4c5baf2a4f1c34,GeneExpression,Gene98,87.07,
8f4c5baf2a4f1c34,GeneExpression,Gene99,3.06,
8f4c5baf2a4f1c34,GeneExpression,Gene100,53.03,
38132d7c2d989fbe,GeneExpression,Gene1,22.98,
38132d7c2d989fbe,GeneExpression,Gene2,63.62,
38132d7c2d989fbe,GeneExpression,Gene3,32.23,
38132d7c2d989fbe,GeneExpression,Gene4,81.47,
38132d7c2d989fbe,GeneExpression,Gene5,49.71,
38132d7c2d989fbe,GeneExpression,Gene6,19.65,
38132d7c2d989fbe,GeneExpression,Gene7,14.15,
38132d7c2d989fbe,GeneExpression,Gene8,70.25,
38132d7c2d989fbe,GeneExpression,Gene9,84.52,
38132d7c2d989fbe,GeneExpression,Gene10,30.04,
38132d7c2d989fbe,GeneExpression,Gene11,63.61,
38132d7c2d989fbe,GeneExpression,Gene12,51.04,
38132d7c2d989fbe,GeneExpression,Gene13,2.89,
38132d7c2d989fbe,GeneExpression,Gene14,31.17,
38132d7c2d989fbe,GeneExpression,Gene15,55.43,
38132d7c2d989fbe,GeneExpression,Gene16,90.57,
38132d7c2d989fbe,GeneExpression,Gene17,16.41,
38132d7c2d989fbe,GeneExpression,Gene18,13.41,
38132d7c2d989fbe,GeneExpression,Gene19,83.06,
38132d7c2d989fbe,GeneExpression,Gene20,77.52,
38132d7c2d989fbe,GeneExpression,Gene21,32.94,
38132d7c2d989fbe,GeneExpression,Gene22,77.67,
38132d7c2d989fbe,GeneExpression,Gene23,92.35,
38132d7c2d989fbe,GeneExpression,Gene24,48.94,
38132d7c2d989fbe,GeneExpression,Gene25,13.8,
38132d7c2d989fbe,GeneExpression,Gene26,75.5,
38132d7c2d989fbe,GeneExpression,Gene27,67.3,
38132d7c2d989fbe,GeneExpression,Gene28,71.89,
38132d7c2d989fbe,GeneExpression,Gene29,86.75,
38132d7c2d989fbe,GeneExpression,Gene30,89.02,
38132d7c2d989fbe,GeneExpression,Gene31,98.09,
38132d7c2d989fbe,GeneExpression,Gene32,92.36,
38132d7c2d989fbe,GeneExpression,Gene33,11.74,
38132d7c2d989fbe,GeneExpression,Gene34,2.69,
38132d7c2d989fbe,GeneExpression,Gene35,94.51,
38132d7c2d989fbe,GeneExpression,Gene36,41.18,
38132d7c2d989fbe,GeneExpression,Gene37,88.96,
38132d7c2d989fbe,GeneExpression,Gene38,4.48,
38132d7c2d989fbe,GeneExpression,Gene39,60.62,
38132d7c2d989fbe,GeneExpression,Gene40,76.88,
38132d7c2d989fbe,GeneExpression,Gene41,26.44,
38132d7c2d989fbe,GeneExpression,Gene42,9.03,
38132d7c2d989fbe,GeneExpression,Gene43,11.51,
38132d7c2d989fbe,GeneExpression,Gene44,77.11,
38132d7c2d989fbe,GeneExpression,Gene45,30.87,
38132d7c2d989fbe,GeneExpression,Gene46,16.95,
38132d7c2d989fbe,GeneExpression,Gene47,15.84,
38132d7c2d989fbe,GeneExpression,Gene48,48.66,
38132d7c2d989fbe,GeneExpression,Gene49,14.88,
38132d7c2d989fbe,GeneExpression,Gene50,78.42,
38132d7c2d989fbe,GeneExpression,Gene51,42.24,
38132d7c2d989fbe,GeneExpression,Gene52,73.86,
38132d7c2d989fbe,GeneExpression,Gene53,7.54,
38132d7c2d989fbe,GeneExpression,Gene54,43.86,
38132d7c2d989fbe,GeneExpression,Gene55,92.07,
38132d7c2d989fbe,GeneExpression,Gene56,30.64,
38132d7c2d989fbe,GeneExpression,Gene57,0.3,
38132d7c2d989fbe,GeneExpression,Gene58,85.06,
38132d7c2d989fbe,GeneExpression,Gene59,99.32,
38132d7c2d989fbe,GeneExpression,Gene60,10.54,
38132d7c2d989fbe,GeneExpression,Gene61,72.67,
38132d7c2d989fbe,GeneExpression,Gene62,67.51,
38132d7c2d989fbe,GeneExpression,Gene63,50.05,
38132d7c2d989fbe,GeneExpression,Gene64,21.84,
38132d7c2d989fbe,GeneExpression,Gene65,63.1,
38132d7c2d989fbe,GeneExpression,Gene66,29.66,
38132d7c2d989fbe,GeneExpression,Gene67,66.67,
38132d7c2d989fbe,GeneExpression,Gene68,77.37,
38132d7c2d989fbe,GeneExpression,Gene69,30.23,
38132d7c2d989fbe,GeneExpression,Gene70,7.97,
38132d7c2d989fbe,GeneExpression,Gene71,87.7,
38132d7c2d989fbe,GeneExpression,Gene72,61.28,
38132d7c2d989fbe,GeneExpression,Gene73,90.45,
38132d7c2d989fbe,GeneExpression,Gene74,84.98,
38132d7c2d989fbe,GeneExpression,Gene75,93.45,
38132d7c2d989fbe,GeneExpression,Gene76,60.88,
38132d7c2d989fbe,GeneExpression,Gene77,17.18,
38132d7c2d989fbe,GeneExpression,Gene78,38.94,
38132d7c2d989fbe,GeneExpression,Gene79,60.22,
38132d7c2d989fbe,GeneExpression,Gene80,92.11,
38132d7c2d989fbe,GeneExpression,Gene81,41.45,
38132d7c2d989fbe,GeneExpression,Gene82,31.63,
38132d7c2d989fbe,GeneExpression,Gene83,74.35,
38132d7c2d989fbe,GeneExpression,Gene84,26.49,
38132d7c2d989fbe,GeneExpression,Gene85,98.53,
38132d7c2d989fbe,GeneExpression,Gene86,40.13,
38132d7c2d989fbe,GeneExpression,Gene87,82.04,
38132d7c2d989fbe,GeneExpression,Gene88,44.66,
38132d7c2d989fbe,GeneExpression,Gene89,49.04,
38132d7c2d989fbe,GeneExpression,Gene90,79.37,
38132d7c2d989fbe,GeneExpression,Gene91,84.93,
38132d7c2d989fbe,GeneExpression,Gene92,43.53,
38132d7c2d989fbe,GeneExpression,Gene93,15.51,
38132d7c2d989fbe,GeneExpression,Gene94,34.64,
38132d7c2d989fbe,GeneExpression,Gene95,7.77,
38132d7c2d989fbe,GeneExpression,Gene96,90.72,
38132d7c2d989fbe,GeneExpression,Gene97,94.68,
38132d7c2d989fbe,GeneExpression,Gene98,75.9,
38132d7c2d989fbe,GeneExpression,Gene99,58.63,
38132d7c2d989fbe,GeneExpression,Gene100,64.56,
f44ed05970c6d911,GeneExpression,Gene1,73.46,
f44ed05970c6d911,GeneExpression,Gene2,27.01,
f44ed05970c6d911,GeneExpression,Gene3,64.13,
f44ed05970c6d911,GeneExpression,Gene4,10.1,
f44ed05970c6d911,GeneExpression,Gene5,12.06,
f44ed05970c6d911,GeneExpression,Gene6,32.46,
f44ed05970c6d911,GeneExpression,Gene7,60.58,
f44ed05970c6d911,GeneExpression,Gene8,59.44,
f44ed05970c6d911,GeneExpression,Gene9,23.83,
f44ed05970c6d911,GeneExpression,Gene10,81.08,
f44ed05970c6d911,GeneExpression,Gene11,19.71,
f44ed05970c6d911,GeneExpression,Gene12,95.79,
f44ed05970c6d911,GeneExpression,Gene13,16.93,
f44ed05970c6d911,GeneExpression,Gene14,7.04,
f44ed05970c6d911,GeneExpression,Gene15,12.25,
f44ed05970c6d911,GeneExpression,Gene16,80.61,
f44ed05970c6d911,GeneExpression,Gene17,42.26,
f44ed05970c6d911,GeneExpression,Gene18,84.14,
f44ed05970c6d911,GeneExpression,Gene19,36.42,
f44ed05970c6d911,GeneExpression,Gene20,29.62,
f44ed05970c6d911,GeneExpression,Gene21,47.9,
f44ed05970c6d911,GeneExpression,Gene22,17.33,
f44ed05970c6d911,GeneExpression,Gene23,48.9,
f44ed05970c6d911,GeneExpression,Gene24,8.86,
f44ed05970c6d911,GeneExpression,Gene25,66.47,
f44ed05970c6d911,GeneExpression,Gene26,35.3,
f44ed05970c6d911,GeneExpression,Gene27,45.03,
f44ed05970c6d911,GeneExpression,Gene28,28.55,
f44ed05970c6d911,GeneExpression,Gene29,2.32,
f44ed05970c6d911,GeneExpression,Gene30,34.57,
f44ed05970c6d911,GeneExpression,Gene31,12.69,
f44ed05970c6d911,GeneExpression,Gene32,8.93,
f44ed05970c6d911,GeneExpression,Gene33,26.15,
f44ed05970c6d911,GeneExpression,Gene34,26.69,
f44ed05970c6d911,GeneExpression,Gene35,56.45,
f44ed05970c6d911,GeneExpression,Gene36,75.38,
f44ed05970c6d911,GeneExpression,Gene37,86.25,
f44ed05970c6d911,GeneExpression,Gene38,40.53,
f44ed05970c6d911,GeneExpression,Gene39,49.11,
f44ed05970c6d911,GeneExpression,Gene40,95.21,
f44ed05970c6d911,GeneExpression,Gene41,8.11,
f44ed05970c6d911,GeneExpression,Gene42,60.51,
f44ed05970c6d911,GeneExpression,Gene43,20.51,
f44ed05970c6d911,GeneExpression,Gene44,37.02,
f44ed05970c6d911,GeneExpression,Gene45,11.51,
f44ed05970c6d911,GeneExpression,Gene46,87.44,
f44ed05970c6d911,GeneExpression,Gene47,3.39,
f44ed05970c6d911,GeneExpression,Gene48,50.48,
f44ed05970c6d911,GeneExpression,Gene49,5.63,
f44ed05970c6d911,GeneExpression,Gene50,10.55,
f44ed05970c6d911,GeneExpression,Gene51,39.26,
f44ed05970c6d911,GeneExpression,Gene52,88.09,
f44ed05970c6d911,GeneExpression,Gene53,78.47,
f44ed05970c6d911,GeneExpression,Gene54,42.59,
f44ed05970c6d911,GeneExpression,Gene55,7.83,
f44ed05970c6d911,GeneExpression,Gene56,57.55,
f44ed05970c6d911,GeneExpression,Gene57,89.29,
f44ed05970c6d911,GeneExpression,Gene58,87.5,
f44ed05970c6d911,GeneExpression,Gene59,90.32,
f44ed05970c6d911,GeneExpression,Gene60,55.39,
f44ed05970c6d911,GeneExpression,Gene61,89.71,
f44ed05970c6d911,GeneExpression,Gene62,83.76,
f44ed05970c6d911,GeneExpression,Gene63,95.72,
f44ed05970c6d911,GeneExpression,Gene64,34.82,
f44ed05970c6d911,GeneExpression,Gene65,18.59,
f44ed05970c6d911,GeneExpression,Gene66,68.07,
f44ed05970c6d911,GeneExpression,Gene67,31.44,
f44ed05970c6d911,GeneExpression,Gene68,15.25,
f44ed05970c6d911,GeneExpression,Gene69,77.58,
f44ed05970c6d911,GeneExpression,Gene70,19.47,
f44ed05970c6d911,GeneExpression,Gene71,27.6,
f44ed05970c6d911,GeneExpression,Gene72,83.73,
f44ed05970c6d911,GeneExpression,Gene73,64.17,
f44ed05970c6d911,GeneExpression,Gene74,4.42,
f44ed05970c6d911,GeneExpression,Gene75,72.38,
f44ed05970c6d911,GeneExpression,Gene76,62.41,
f44ed05970c6d911,GeneExpression,Gene77,93.06,
f44ed05970c6d911,GeneExpression,Gene78,96.16,
f44ed05970c6d911,GeneExpression,Gene79,29.02,
f44ed05970c6d911,GeneExpression,Gene80,75.48,
f44ed05970c6d911,GeneExpression,Gene81,27.84,
f44ed05970c6d911,GeneExpression,Gene82,22.38,
f44ed05970c6d911,GeneExpression,Gene83,8.19,
f44ed05970c6d911,GeneExpression,Gene84,68.24,
f44ed05970c6d911,GeneExpression,Gene85,67.65,
f44ed05970c6d911,GeneExpression,Gene86,69.51,
f44ed05970c6d911,GeneExpression,Gene87,85.9,
f44ed05970c6d911,GeneExpression,Gene88,66.03,
f44ed05970c6d911,GeneExpression,Gene89,72.32,
f44ed05970c6d911,GeneExpression,Gene90,52.04,
f44ed05970c6d911,GeneExpression,Gene91,68.1,
f44ed05970c6d911,GeneExpression,Gene92,49.95,
f44ed05970c6d911,GeneExpression,Gene93,33.21,
f44ed05970c6d911,GeneExpression,Gene94,27.48,
f44ed05970c6d911,GeneExpression,Gene95,26.43,
f44ed05970c6d911,GeneExpression,Gene96,75.38,
f44ed05970c6d911,GeneExpression,Gene97,6.8,
f44ed05970c6d911,GeneExpression,Gene98,94.51,
f44ed05970c6d911,GeneExpression,Gene99,82.66,
f44ed05970c6d911,GeneExpression,Gene100,70.41,
fbeae7c18667b698,ProteinExpression,Protein1,897.52,
fbeae7c18667b698,ProteinExpression,Protein2,1636.82,
fbeae7c18667b698,ProteinExpression,Protein3,2061.0,
fbeae7c18667b698,ProteinExpression,Protein4,4096.57,
fbeae7c18667b698,ProteinExpression,Protein5,1440.35,
fbeae7c18667b698,ProteinExpression,Protein6,2693.27,
fbeae7c18667b698,ProteinExpression,Protein7,2080.5,
fbeae7c18667b698,ProteinExpression,Protein8,3263.68,
fbeae7c18667b698,ProteinExpression,Protein9,3811.86,
fbeae7c18667b698,ProteinExpression,Protein10,1638.48,
fbeae7c18667b698,ProteinExpression,Protein11,829.57,
fbeae7c18667b698,ProteinExpression,Protein12,1159.07,
fbeae7c18667b698,ProteinExpression,Protein13,544.76,
fbeae7c18667b698,ProteinExpression,Protein14,622.36,
fbeae7c18667b698,ProteinExpression,Protein15,3631.48,
fbeae7c18667b698,ProteinExpression,Protein16,1320.33,
fbeae7c18667b698,ProteinExpression,Protein17,725.96,
fbeae7c18667b698,ProteinExpression,Protein18,214.87,
fbeae7c18667b698,ProteinExpression,Protein19,2356.86,
fbeae7c18667b698,ProteinExpression,Protein20,3149.15,
fbeae7c18667b698,ProteinExpression,Protein21,2031.1,
fbeae7c18667b698,ProteinExpression,Protein22,3118.99,
fbeae7c18667b698,ProteinExpression,Protein23,2731.54,
fbeae7c18667b698,ProteinExpression,Protein24,3591.09,
fbeae7c18667b698,ProteinExpression,Protein25,1217.9,
fbeae7c18667b698,ProteinExpression,Protein26,4699.5,
fbeae7c18667b698,ProteinExpression,Protein27,2810.63,
fbeae7c18667b698,ProteinExpression,Protein28,1475.96,
fbeae7c18667b698,ProteinExpression,Protein29,1536.84,
fbeae7c18667b698,ProteinExpression,Protein30,407.37,
fbeae7c18667b698,ProteinExpression,Protein31,4429.33,
fbeae7c18667b698,ProteinExpression,Protein32,2889.57,
fbeae7c18667b698,ProteinExpression,Protein33,3401.42,
fbeae7c18667b698,ProteinExpression,Protein34,4061.53,
fbeae7c18667b698,ProteinExpression,Protein35,4307.09,
fbeae7c18667b698,ProteinExpression,Protein36,3629.66,
fbeae7c18667b698,ProteinExpression,Protein37,3897.01,
fbeae7c18667b698,ProteinExpression,Protein38,644.91,
fbeae7c18667b698,ProteinExpression,Protein39,1258.64,
fbeae7c18667b698,ProteinExpression,Protein40,595.03,
fbeae7c18667b698,ProteinExpression,Protein41,3472.35,
fbeae7c18667b698,ProteinExpression,Protein42,2133.92,
fbeae7c18667b698,ProteinExpression,Protein43,4031.6,
fbeae7c18667b698,ProteinExpression,Protein44,3362.4,
fbeae7c18667b698,ProteinExpression,Protein45,3117.8,
fbeae7c18667b698,ProteinExpression,Protein46,1461.49,
fbeae7c18667b698,ProteinExpression,Protein47,3761.69,
fbeae7c18667b698,ProteinExpression,Protein48,3256.76,
fbeae7c18667b698,ProteinExpression,Protein49,2925.47,
fbeae7c18667b698,ProteinExpression,Protein50,1214.48,
acbbb742c7524cec,ProteinExpression,Protein1,342.89,
acbbb742c7524cec,ProteinExpression,Protein2,1746.06,
acbbb742c7524cec,ProteinExpression,Protein3,1326.43,
acbbb742c7524cec,ProteinExpression,Protein4,3129.15,
acbbb742c7524cec,ProteinExpression,Protein5,2285.84,
acbbb742c7524cec,ProteinExpression,Protein6,1439.14,
acbbb742c7524cec,ProteinExpression,Protein7,814.17,
acbbb742c7524cec,ProteinExpression,Protein8,4274.48,
acbbb742c7524cec,ProteinExpression,Protein9,396.81,
acbbb742c7524cec,ProteinExpression,Protein10,421.71,
acbbb742c7524cec,ProteinExpression,Protein11,4893.11,
acbbb742c7524cec,ProteinExpression,Protein12,4121.51,
acbbb742c7524cec,ProteinExpression,Protein13,2906.29,
acbbb742c7524cec,ProteinExpression,Protein14,4006.81,
acbbb742c7524cec,ProteinExpression,Protein15,4418.1,
acbbb742c7524cec,ProteinExpression,Protein16,4794.59,
acbbb742c7524cec,ProteinExpression,Protein17,1888.69,
acbbb742c7524cec,ProteinExpression,Protein18,3523.52,
acbbb742c7524cec,ProteinExpression,Protein19,2119.82,
acbbb742c7524cec,ProteinExpression,Protein20,490.74,
acbbb742c7524cec,ProteinExpression,Protein21,2044.39,
acbbb742c7524cec,ProteinExpression,Protein22,4015.24,
acbbb742c7524cec,ProteinExpression,Protein23,852.76,
acbbb742c7524cec,ProteinExpression,Protein24,1411.23,
acbbb742c7524cec,ProteinExpression,Protein25,4944.01,
acbbb742c7524cec,ProteinExpression,Protein26,4220.5,
acbbb742c7524cec,ProteinExpression,Protein27,965.93,
acbbb742c7524cec,ProteinExpression,Protein28,3049.44,
acbbb742c7524cec,ProteinExpression,Protein29,3331.94,
acbbb742c7524cec,ProteinExpression,Protein30,4324.77,
acbbb742c7524cec,ProteinExpression,Protein31,2970.81,
acbbb742c7524cec,ProteinExpression,Protein32,3757.09,
acbbb742c7524cec,ProteinExpression,Protein33,1284.92,
acbbb742c7524cec,ProteinExpression,Protein34,3450.58,
acbbb742c7524cec,ProteinExpression,Protein35,3234.41,
acbbb742c7524cec,ProteinExpression,Protein36,3388.69,
acbbb742c7524cec,ProteinExpression,Protein37,2518.11,
acbbb742c7524cec,ProteinExpression,Protein38,2152.58,
acbbb742c7524cec,ProteinExpression,Protein39,4486.07,
acbbb742c7524cec,ProteinExpression,Protein40,3556.13,
acbbb742c7524cec,ProteinExpression,Protein41,520.42,
acbbb742c7524cec,ProteinExpression,Protein42,3417.11,
acbbb742c7524cec,ProteinExpression,Protein43,1504.91,
acbbb742c7524cec,ProteinExpression,Protein44,1691.77,
acbbb742c7524cec,ProteinExpression,Protein45,4524.6,
acbbb742c7524cec,ProteinExpression,Protein46,2619.63,
acbbb742c7524cec,ProteinExpression,Protein47,4249.41,
acbbb742c7524cec,ProteinExpression,Protein48,3793.44,
acbbb742c7524cec,ProteinExpression,Protein49,1917.28,
acbbb742c7524cec,ProteinExpression,Protein50,3777.38,
9f9853b3f1344419,ProteinExpression,Protein1,2206.46,
9f9853b3f1344419,ProteinExpression,Protein2,4736.54,
9f9853b3f1344419,ProteinExpression,Protein3,1479.81,
9f9853b3f1344419,ProteinExpression,Protein4,1217.39,
9f9853b3f1344419,ProteinExpression,Protein5,4225.33,
9f9853b3f1344419,ProteinExpression,Protein6,2198.51,
9f9853b3f1344419,ProteinExpression,Protein7,1058.91,
9f9853b3f1344419,ProteinExpression,Protein8,1321.47,
9f9853b3f1344419,ProteinExpression,Protein9,1743.47,
9f9853b3f1344419,ProteinExpression,Protein10,4411.08,
9f9853b3f1344419,ProteinExpression,Protein11,3032.15,
9f9853b3f1344419,ProteinExpression,Protein12,3196.06,
9f9853b3f1344419,ProteinExpression,Protein13,3378.34,
9f9853b3f1344419,ProteinExpression,Protein14,1124.53,
9f9853b3f1344419,ProteinExpression,Protein15,2164.38,
9f9853b3f1344419,ProteinExpression,Protein16,3287.83,
9f9853b3f1344419,ProteinExpression,Protein17,1443.53,
9f9853b3f1344419,ProteinExpression,Protein18,2182.35,
9f9853b3f1344419,ProteinExpression,Protein19,213.51,
9f9853b3f1344419,ProteinExpression,Protein20,3253.77,
9f9853b3f1344419,ProteinExpression,Protein21,1194.34,
9f9853b3f1344419,ProteinExpression,Protein22,4186.74,
9f9853b3f1344419,ProteinExpression,Protein23,1052.75,
9f9853b3f1344419,ProteinExpression,Protein24,3351.91,
9f9853b3f1344419,ProteinExpression,Protein25,4578.36,
9f9853b3f1344419,ProteinExpression,Protein26,4720.68,
9f9853b3f1344419,ProteinExpression,Protein27,1277.43,
9f9853b3f1344419,ProteinExpression,Protein28,1420.76,
9f9853b3f1344419,ProteinExpression,Protein29,2932.47,
9f9853b3f1344419,ProteinExpression,Protein30,3652.68,
9f9853b3f1344419,ProteinExpression,Protein31,3718.88,
9f9853b3f1344419,ProteinExpression,Protein32,604.47,
9f9853b3f1344419,ProteinExpression,Protein33,4756.11,
9f9853b3f1344419,ProteinExpression,Protein34,3694.41,
9f9853b3f1344419,ProteinExpression,Protein35,719.1,
9f9853b3f1344419,ProteinExpression,Protein36,1278.1,
9f9853b3f1344419,ProteinExpression,Protein37,1627.61,
9f9853b3f1344419,ProteinExpression,Protein38,1088.46,
9f9853b3f1344419,ProteinExpression,Protein39,698.99,
9f9853b3f1344419,ProteinExpression,Protein40,4691.07,
9f9853b3f1344419,ProteinExpression,Protein41,910.03,
9f9853b3f1344419,ProteinExpression,Protein42,2465.15,
9f9853b3f1344419,ProteinExpression,Protein43,1271.05,
9f9853b3f1344419,ProteinExpression,Protein44,3092.16,
9f9853b3f1344419,ProteinExpression,Protein45,112.98,
9f9853b3f1344419,ProteinExpression,Protein46,3556.25,
9f9853b3f1344419,ProteinExpression,Protein47,125.98,
9f9853b3f1344419,ProteinExpression,Protein48,2550.25,
9f9853b3f1344419,ProteinExpression,Protein49,802.74,
9f9853b3f1344419,ProteinExpression,Protein50,2734.04,
e05184c1f58012ab,ProteinExpression,Protein1,3497.44,
e05184c1f58012ab,ProteinExpression,Protein2,249.16,
e05184c1f58012ab,ProteinExpression,Protein3,4050.74,
e05184c1f58012ab,ProteinExpression,Protein4,3357.72,
e05184c1f58012ab,ProteinExpression,Protein5,526.68,
e05184c1f58012ab,ProteinExpression,Protein6,4929.76,
e05184c1f58012ab,ProteinExpression,Protein7,3249.08,
e05184c1f58012ab,ProteinExpression,Protein8,3616.99,
e05184c1f58012ab,ProteinExpression,Protein9,4893.35,
e05184c1f58012ab,ProteinExpression,Protein10,1132.83,
e05184c1f58012ab,ProteinExpression,Protein11,2256.99,
e05184c1f58012ab,ProteinExpression,Protein12,3118.09,
e05184c1f58012ab,ProteinExpression,Protein13,861.24,
e05184c1f58012ab,ProteinExpression,Protein14,3350.72,
e05184c1f58012ab,ProteinExpression,Protein15,3244.57,
e05184c1f58012ab,ProteinExpression,Protein16,3947.71,
e05184c1f58012ab,ProteinExpression,Protein17,1968.26,
e05184c1f58012ab,ProteinExpression,Protein18,701.03,
e05184c1f58012ab,ProteinExpression,Protein19,2383.18,
e05184c1f58012ab,ProteinExpression,Protein20,3187.24,
e05184c1f58012ab,ProteinExpression,Protein21,259.49,
e05184c1f58012ab,ProteinExpression,Protein22,2409.74,
e05184c1f58012ab,ProteinExpression,Protein23,4895.7,
e05184c1f58012ab,ProteinExpression,Protein24,2496.69,
e05184c1f58012ab,ProteinExpression,Protein25,1833.41,
e05184c1f58012ab,ProteinExpression,Protein26,1864.32,
e05184c1f58012ab,ProteinExpression,Protein27,2619.93,
e05184c1f58012ab,ProteinExpression,Protein28,200.82,
e05184c1f58012ab,ProteinExpression,Protein29,3374.05,
e05184c1f58012ab,ProteinExpression,Protein30,3387.57,
e05184c1f58012ab,ProteinExpression,Protein31,4680.79,
e05184c1f58012ab,ProteinExpression,Protein32,3902.08,
e05184c1f58012ab,ProteinExpression,Protein33,3581.29,
e05184c1f58012ab,ProteinExpression,Protein34,216.41,
e05184c1f58012ab,ProteinExpression,Protein35,4284.64,
e05184c1f58012ab,ProteinExpression,Protein36,889.73,
e05184c1f58012ab,ProteinExpression,Protein37,596.71,
e05184c1f58012ab,ProteinExpression,Protein38,163.59,
e05184c1f58012ab,ProteinExpression,Protein39,2304.02,
e05184c1f58012ab,ProteinExpression,Protein40,3643.05,
e05184c1f58012ab,ProteinExpression,Protein41,1184.03,
e05184c1f58012ab,ProteinExpression,Protein42,1895.53,
e05184c1f58012ab,ProteinExpression,Protein43,177.72,
e05184c1f58012ab,ProteinExpression,Protein44,3062.32,
e05184c1f58012ab,ProteinExpression,Protein45,1602.6,
e05184c1f58012ab,ProteinExpression,Protein46,4525.08,
e05184c1f58012ab,ProteinExpression,Protein47,1214.34,
e05184c1f58012ab,ProteinExpression,Protein48,1055.35,
e05184c1f58012ab,ProteinExpression,Protein49,3835.98,
e05184c1f58012ab,ProteinExpression,Protein50,198.9,
1c5e95f69bb22aef,ProteinExpression,Protein1,2905.19,
1c5e95f69bb22aef,ProteinExpression,Protein2,4080.43,
1c5e95f69bb22aef,ProteinExpression,Protein3,769.95,
1c5e95f69bb22aef,ProteinExpression,Protein4,1433.74,
1c5e95f69bb22aef,ProteinExpression,Protein5,4642.24,
1c5e95f69bb22aef,ProteinExpression,Protein6,934.75,
1c5e95f69bb22aef,ProteinExpression,Protein7,2811.62,
1c5e95f69bb22aef,ProteinExpression,Protein8,464.1,
1c5e95f69bb22aef,ProteinExpression,Protein9,3861.31,
1c5e95f69bb22aef,ProteinExpression,Protein10,1338.92,
1c5e95f69bb22aef,ProteinExpression,Protein11,3688.94,
1c5e95f69bb22aef,ProteinExpression,Protein12,2331.66,
1c5e95f69bb22aef,ProteinExpression,Protein13,595.57,
1c5e95f69bb22aef,ProteinExpression,Protein14,610.0,
1c5e95f69bb22aef,ProteinExpression,Protein15,2976.44,
1c5e95f69bb22aef,ProteinExpression,Protein16,4735.99,
1c5e95f69bb22aef,ProteinExpression,Protein17,470.24,
1c5e95f69bb22aef,ProteinExpression,Protein18,3808.87,
1c5e95f69bb22aef,ProteinExpression,Protein19,2304.84,
1c5e95f69bb22aef,ProteinExpression,Protein20,3384.11,
1c5e95f69bb22aef,ProteinExpression,Protein21,3319.08,
1c5e95f69bb22aef,ProteinExpression,Protein22,4741.12,
1c5e95f69bb22aef,ProteinExpression,Protein23,1815.87,
1c5e95f69bb22aef,ProteinExpression,Protein24,2502.58,
1c5e95f69bb22aef,ProteinExpression,Protein25,3311.04,
1c5e95f69bb22aef,ProteinExpression,Protein26,2193.41,
1c5e95f69bb22aef,ProteinExpression,Protein27,2765.42,
1c5e95f69bb22aef,ProteinExpression,Protein28,2917.42,
1c5e95f69bb22aef,ProteinExpression,Protein29,4203.34,
1c5e95f69bb22aef,ProteinExpression,Protein30,4940.47,
1c5e95f69bb22aef,ProteinExpression,Protein31,545.89,
1c5e95f69bb22aef,ProteinExpression,Protein32,2210.8,
1c5e95f69bb22aef,ProteinExpression,Protein33,757.28,
1c5e95f69bb22aef,ProteinExpression,Protein34,3937.12,
1c5e95f69bb22aef,ProteinExpression,Protein35,4924.63,
1c5e95f69bb22aef,ProteinExpression,Protein36,1039.76,
1c5e95f69bb22aef,ProteinExpression,Protein37,838.88,
1c5e95f69bb22aef,ProteinExpression,Protein38,4270.97,
1c5e95f69bb22aef,ProteinExpression,Protein39,3464.82,
1c5e95f69bb22aef,ProteinExpression,Protein40,3440.79,
1c5e95f69bb22aef,ProteinExpression,Protein41,1758.18,
1c5e95f69bb22aef,ProteinExpression,Protein42,3524.68,
1c5e95f69bb22aef,ProteinExpression,Protein43,1805.72,
1c5e95f69bb22aef,ProteinExpression,Protein44,1492.66,
1c5e95f69bb22aef,ProteinExpression,Protein45,3771.96,
1c5e95f69bb22aef,ProteinExpression,Protein46,2341.37,
1c5e95f69bb22aef,ProteinExpression,Protein47,4230.09,
1c5e95f69bb22aef,ProteinExpression,Protein48,2869.11,
1c5e95f69bb22aef,ProteinExpression,Protein49,4640.43,
1c5e95f69bb22aef,ProteinExpression,Protein50,4759.77,
